competition_id,competition_name,sport_id,medal,rank,athlete_id,athlete_name,country,probability,win_count
bobsled-m-four-man,Four-Man Bobsled,bobsled,bronze,1,oskars-kibermanis-lat,Oskars Kibermanis,LAT,13.2,13250
bobsled-m-four-man,Four-Man Bobsled,bobsled,bronze,2,justin-kripps-can,Justin Kripps,CAN,12.5,12535
bobsled-m-four-man,Four-Man Bobsled,bobsled,bronze,3,frank-delduca-usa,Frank Delduca,USA,11.5,11522
bobsled-m-four-man,Four-Man Bobsled,bobsled,gold,1,oskars-kibermanis-lat,Oskars Kibermanis,LAT,15.2,15167
bobsled-m-four-man,Four-Man Bobsled,bobsled,gold,2,justin-kripps-can,Justin Kripps,CAN,13.4,13396
bobsled-m-four-man,Four-Man Bobsled,bobsled,gold,3,frank-delduca-usa,Frank Delduca,USA,12.1,12114
bobsled-m-four-man,Four-Man Bobsled,bobsled,silver,1,oskars-kibermanis-lat,Oskars Kibermanis,LAT,14.4,14379
bobsled-m-four-man,Four-Man Bobsled,bobsled,silver,2,justin-kripps-can,Justin Kripps,CAN,12.9,12852
bobsled-m-four-man,Four-Man Bobsled,bobsled,silver,3,frank-delduca-usa,Frank Delduca,USA,11.6,11623
speed-skating-m-10000m,Men's 10000m,speed-skating,bronze,1,jordan-stolz-usa,Jordan Stolz,USA,11.7,11741
speed-skating-m-10000m,Men's 10000m,speed-skating,bronze,2,damian-zurek-pol,Damian Zurek,POL,8.0,8003
speed-skating-m-10000m,Men's 10000m,speed-skating,bronze,3,jenning-de-boo-ned,Jenning De Boo,NED,7.6,7583
speed-skating-m-10000m,Men's 10000m,speed-skating,gold,1,jordan-stolz-usa,Jordan Stolz,USA,14.4,14439
speed-skating-m-10000m,Men's 10000m,speed-skating,gold,2,damian-zurek-pol,Damian Zurek,POL,8.5,8502
speed-skating-m-10000m,Men's 10000m,speed-skating,gold,3,jenning-de-boo-ned,Jenning De Boo,NED,8.0,7988
speed-skating-m-10000m,Men's 10000m,speed-skating,silver,1,jordan-stolz-usa,Jordan Stolz,USA,13.1,13127
speed-skating-m-10000m,Men's 10000m,speed-skating,silver,2,damian-zurek-pol,Damian Zurek,POL,8.2,8167
speed-skating-m-10000m,Men's 10000m,speed-skating,silver,3,jenning-de-boo-ned,Jenning De Boo,NED,7.8,7841
speed-skating-m-1000m,Men's 1000m,speed-skating,bronze,1,jordan-stolz-usa,Jordan Stolz,USA,11.6,11585
short-track-m-1000m,Men's 1000m,short-track,bronze,1,william-dandjinou-can,William Dandjinou,CAN,11.3,11319
speed-skating-m-1000m,Men's 1000m,speed-skating,bronze,2,damian-zurek-pol,Damian Zurek,POL,8.0,8014
short-track-m-1000m,Men's 1000m,short-track,bronze,2,pietro-sighel-ita,Pietro Sighel,ITA,11.0,10976
speed-skating-m-1000m,Men's 1000m,speed-skating,bronze,3,jenning-de-boo-ned,Jenning De Boo,NED,7.7,7692
short-track-m-1000m,Men's 1000m,short-track,bronze,3,park-ji-won-kor,Park Ji-won,KOR,10.6,10639
speed-skating-m-1000m,Men's 1000m,speed-skating,gold,1,jordan-stolz-usa,Jordan Stolz,USA,14.3,14321
short-track-m-1000m,Men's 1000m,short-track,gold,1,william-dandjinou-can,William Dandjinou,CAN,12.7,12708
speed-skating-m-1000m,Men's 1000m,speed-skating,gold,2,damian-zurek-pol,Damian Zurek,POL,8.4,8435
short-track-m-1000m,Men's 1000m,short-track,gold,2,pietro-sighel-ita,Pietro Sighel,ITA,12.1,12136
speed-skating-m-1000m,Men's 1000m,speed-skating,gold,3,jenning-de-boo-ned,Jenning De Boo,NED,8.0,7960
short-track-m-1000m,Men's 1000m,short-track,gold,3,park-ji-won-kor,Park Ji-won,KOR,11.1,11058
speed-skating-m-1000m,Men's 1000m,speed-skating,silver,1,jordan-stolz-usa,Jordan Stolz,USA,13.2,13209
short-track-m-1000m,Men's 1000m,short-track,silver,1,william-dandjinou-can,William Dandjinou,CAN,12.3,12348
speed-skating-m-1000m,Men's 1000m,speed-skating,silver,2,damian-zurek-pol,Damian Zurek,POL,8.4,8405
short-track-m-1000m,Men's 1000m,short-track,silver,2,pietro-sighel-ita,Pietro Sighel,ITA,11.5,11482
speed-skating-m-1000m,Men's 1000m,speed-skating,silver,3,jenning-de-boo-ned,Jenning De Boo,NED,7.9,7904
short-track-m-1000m,Men's 1000m,short-track,silver,3,park-ji-won-kor,Park Ji-won,KOR,10.7,10693
biathlon-m-10km-sprint,Men's 10km Sprint,biathlon,bronze,1,tommaso-giacomel-ita,Tommaso Giacomel,ITA,7.0,6987
biathlon-m-10km-sprint,Men's 10km Sprint,biathlon,bronze,2,eric-perrot-fra,Eric Perrot,FRA,6.9,6858
biathlon-m-10km-sprint,Men's 10km Sprint,biathlon,bronze,3,sebastian-samuelsson-swe,Sebastian Samuelsson,SWE,5.8,5816
biathlon-m-10km-sprint,Men's 10km Sprint,biathlon,gold,1,tommaso-giacomel-ita,Tommaso Giacomel,ITA,7.4,7406
biathlon-m-10km-sprint,Men's 10km Sprint,biathlon,gold,2,eric-perrot-fra,Eric Perrot,FRA,7.1,7145
biathlon-m-10km-sprint,Men's 10km Sprint,biathlon,gold,3,sebastian-samuelsson-swe,Sebastian Samuelsson,SWE,6.1,6139
biathlon-m-10km-sprint,Men's 10km Sprint,biathlon,silver,1,tommaso-giacomel-ita,Tommaso Giacomel,ITA,7.2,7201
biathlon-m-10km-sprint,Men's 10km Sprint,biathlon,silver,2,eric-perrot-fra,Eric Perrot,FRA,7.1,7056
biathlon-m-10km-sprint,Men's 10km Sprint,biathlon,silver,3,sebastian-samuelsson-swe,Sebastian Samuelsson,SWE,6.1,6057
biathlon-m-12.5km-pursuit,Men's 12.5km Pursuit,biathlon,bronze,1,tommaso-giacomel-ita,Tommaso Giacomel,ITA,6.9,6895
biathlon-m-12.5km-pursuit,Men's 12.5km Pursuit,biathlon,bronze,2,eric-perrot-fra,Eric Perrot,FRA,6.7,6688
biathlon-m-12.5km-pursuit,Men's 12.5km Pursuit,biathlon,bronze,3,sebastian-samuelsson-swe,Sebastian Samuelsson,SWE,5.9,5898
biathlon-m-12.5km-pursuit,Men's 12.5km Pursuit,biathlon,gold,1,tommaso-giacomel-ita,Tommaso Giacomel,ITA,7.4,7415
biathlon-m-12.5km-pursuit,Men's 12.5km Pursuit,biathlon,gold,2,eric-perrot-fra,Eric Perrot,FRA,7.2,7163
biathlon-m-12.5km-pursuit,Men's 12.5km Pursuit,biathlon,gold,3,sebastian-samuelsson-swe,Sebastian Samuelsson,SWE,6.2,6169
biathlon-m-12.5km-pursuit,Men's 12.5km Pursuit,biathlon,silver,1,tommaso-giacomel-ita,Tommaso Giacomel,ITA,7.3,7315
biathlon-m-12.5km-pursuit,Men's 12.5km Pursuit,biathlon,silver,2,eric-perrot-fra,Eric Perrot,FRA,7.1,7085
biathlon-m-12.5km-pursuit,Men's 12.5km Pursuit,biathlon,silver,3,sebastian-samuelsson-swe,Sebastian Samuelsson,SWE,6.1,6135
speed-skating-m-1500m,Men's 1500m,speed-skating,bronze,1,jordan-stolz-usa,Jordan Stolz,USA,11.8,11771
short-track-m-1500m,Men's 1500m,short-track,bronze,1,william-dandjinou-can,William Dandjinou,CAN,11.6,11573
speed-skating-m-1500m,Men's 1500m,speed-skating,bronze,2,damian-zurek-pol,Damian Zurek,POL,7.7,7747
short-track-m-1500m,Men's 1500m,short-track,bronze,2,pietro-sighel-ita,Pietro Sighel,ITA,11.3,11313
speed-skating-m-1500m,Men's 1500m,speed-skating,bronze,3,jenning-de-boo-ned,Jenning De Boo,NED,7.7,7657
short-track-m-1500m,Men's 1500m,short-track,bronze,3,park-ji-won-kor,Park Ji-won,KOR,10.5,10452
speed-skating-m-1500m,Men's 1500m,speed-skating,gold,1,jordan-stolz-usa,Jordan Stolz,USA,14.4,14408
short-track-m-1500m,Men's 1500m,short-track,gold,1,william-dandjinou-can,William Dandjinou,CAN,12.8,12763
speed-skating-m-1500m,Men's 1500m,speed-skating,gold,2,damian-zurek-pol,Damian Zurek,POL,8.3,8280
short-track-m-1500m,Men's 1500m,short-track,gold,2,pietro-sighel-ita,Pietro Sighel,ITA,11.9,11873
speed-skating-m-1500m,Men's 1500m,speed-skating,gold,3,jenning-de-boo-ned,Jenning De Boo,NED,8.0,7970
short-track-m-1500m,Men's 1500m,short-track,gold,3,park-ji-won-kor,Park Ji-won,KOR,11.2,11151
speed-skating-m-1500m,Men's 1500m,speed-skating,silver,1,jordan-stolz-usa,Jordan Stolz,USA,13.1,13117
short-track-m-1500m,Men's 1500m,short-track,silver,1,william-dandjinou-can,William Dandjinou,CAN,12.2,12235
speed-skating-m-1500m,Men's 1500m,speed-skating,silver,2,damian-zurek-pol,Damian Zurek,POL,8.3,8343
short-track-m-1500m,Men's 1500m,short-track,silver,2,pietro-sighel-ita,Pietro Sighel,ITA,11.3,11274
speed-skating-m-1500m,Men's 1500m,speed-skating,silver,3,jenning-de-boo-ned,Jenning De Boo,NED,7.9,7913
short-track-m-1500m,Men's 1500m,short-track,silver,3,park-ji-won-kor,Park Ji-won,KOR,11.0,11035
cross-country-m-15km,Men's 15km,cross-country,bronze,1,johannes-hoesflot-klaebo-nor,Johannes Hoesflot Klaebo,NOR,7.1,7091
cross-country-m-15km,Men's 15km,cross-country,bronze,2,edvin-anger-swe,Edvin Anger,SWE,5.6,5559
cross-country-m-15km,Men's 15km,cross-country,bronze,3,erik-valnes-nor,Erik Valnes,NOR,5.2,5161
cross-country-m-15km,Men's 15km,cross-country,gold,1,johannes-hoesflot-klaebo-nor,Johannes Hoesflot Klaebo,NOR,7.5,7459
cross-country-m-15km,Men's 15km,cross-country,gold,2,edvin-anger-swe,Edvin Anger,SWE,5.8,5832
cross-country-m-15km,Men's 15km,cross-country,gold,3,erik-valnes-nor,Erik Valnes,NOR,5.3,5301
cross-country-m-15km,Men's 15km,cross-country,silver,1,johannes-hoesflot-klaebo-nor,Johannes Hoesflot Klaebo,NOR,7.1,7139
cross-country-m-15km,Men's 15km,cross-country,silver,2,edvin-anger-swe,Edvin Anger,SWE,5.9,5868
cross-country-m-15km,Men's 15km,cross-country,silver,3,federico-pellegrino-ita,Federico Pellegrino,ITA,5.1,5115
biathlon-m-15km-mass-start,Men's 15km Mass Start,biathlon,bronze,1,tommaso-giacomel-ita,Tommaso Giacomel,ITA,6.8,6826
biathlon-m-15km-mass-start,Men's 15km Mass Start,biathlon,bronze,2,eric-perrot-fra,Eric Perrot,FRA,6.7,6668
biathlon-m-15km-mass-start,Men's 15km Mass Start,biathlon,bronze,3,sebastian-samuelsson-swe,Sebastian Samuelsson,SWE,5.9,5921
biathlon-m-15km-mass-start,Men's 15km Mass Start,biathlon,gold,1,tommaso-giacomel-ita,Tommaso Giacomel,ITA,7.3,7302
biathlon-m-15km-mass-start,Men's 15km Mass Start,biathlon,gold,2,eric-perrot-fra,Eric Perrot,FRA,7.3,7260
biathlon-m-15km-mass-start,Men's 15km Mass Start,biathlon,gold,3,sebastian-samuelsson-swe,Sebastian Samuelsson,SWE,6.3,6268
biathlon-m-15km-mass-start,Men's 15km Mass Start,biathlon,silver,1,tommaso-giacomel-ita,Tommaso Giacomel,ITA,7.3,7275
biathlon-m-15km-mass-start,Men's 15km Mass Start,biathlon,silver,2,eric-perrot-fra,Eric Perrot,FRA,7.1,7104
biathlon-m-15km-mass-start,Men's 15km Mass Start,biathlon,silver,3,sebastian-samuelsson-swe,Sebastian Samuelsson,SWE,6.1,6095
biathlon-m-20km-individual,Men's 20km Individual,biathlon,bronze,1,tommaso-giacomel-ita,Tommaso Giacomel,ITA,6.9,6866
biathlon-m-20km-individual,Men's 20km Individual,biathlon,bronze,2,eric-perrot-fra,Eric Perrot,FRA,6.7,6701
biathlon-m-20km-individual,Men's 20km Individual,biathlon,bronze,3,sebastian-samuelsson-swe,Sebastian Samuelsson,SWE,6.0,5998
biathlon-m-20km-individual,Men's 20km Individual,biathlon,gold,1,tommaso-giacomel-ita,Tommaso Giacomel,ITA,7.5,7470
biathlon-m-20km-individual,Men's 20km Individual,biathlon,gold,2,eric-perrot-fra,Eric Perrot,FRA,7.2,7226
biathlon-m-20km-individual,Men's 20km Individual,biathlon,gold,3,sebastian-samuelsson-swe,Sebastian Samuelsson,SWE,6.1,6110
biathlon-m-20km-individual,Men's 20km Individual,biathlon,silver,1,tommaso-giacomel-ita,Tommaso Giacomel,ITA,7.2,7225
biathlon-m-20km-individual,Men's 20km Individual,biathlon,silver,2,eric-perrot-fra,Eric Perrot,FRA,7.0,7011
biathlon-m-20km-individual,Men's 20km Individual,biathlon,silver,3,sebastian-samuelsson-swe,Sebastian Samuelsson,SWE,6.2,6152
speed-skating-m-5000m,Men's 5000m,speed-skating,bronze,1,jordan-stolz-usa,Jordan Stolz,USA,11.4,11430
speed-skating-m-5000m,Men's 5000m,speed-skating,bronze,2,damian-zurek-pol,Damian Zurek,POL,8.0,7983
speed-skating-m-5000m,Men's 5000m,speed-skating,bronze,3,jenning-de-boo-ned,Jenning De Boo,NED,7.7,7653
speed-skating-m-5000m,Men's 5000m,speed-skating,gold,1,jordan-stolz-usa,Jordan Stolz,USA,14.6,14595
speed-skating-m-5000m,Men's 5000m,speed-skating,gold,2,damian-zurek-pol,Damian Zurek,POL,8.4,8411
speed-skating-m-5000m,Men's 5000m,speed-skating,gold,3,jenning-de-boo-ned,Jenning De Boo,NED,8.0,8024
speed-skating-m-5000m,Men's 5000m,speed-skating,silver,1,jordan-stolz-usa,Jordan Stolz,USA,12.9,12924
speed-skating-m-5000m,Men's 5000m,speed-skating,silver,2,damian-zurek-pol,Damian Zurek,POL,8.1,8113
speed-skating-m-5000m,Men's 5000m,speed-skating,silver,3,jenning-de-boo-ned,Jenning De Boo,NED,8.0,7959
speed-skating-m-500m,Men's 500m,speed-skating,bronze,1,jordan-stolz-usa,Jordan Stolz,USA,11.7,11698
short-track-m-500m,Men's 500m,short-track,bronze,1,william-dandjinou-can,William Dandjinou,CAN,11.4,11384
speed-skating-m-500m,Men's 500m,speed-skating,bronze,2,damian-zurek-pol,Damian Zurek,POL,7.8,7824
short-track-m-500m,Men's 500m,short-track,bronze,2,pietro-sighel-ita,Pietro Sighel,ITA,11.1,11098
speed-skating-m-500m,Men's 500m,speed-skating,bronze,3,jenning-de-boo-ned,Jenning De Boo,NED,7.7,7732
short-track-m-500m,Men's 500m,short-track,bronze,3,park-ji-won-kor,Park Ji-won,KOR,10.5,10539
speed-skating-m-500m,Men's 500m,speed-skating,gold,1,jordan-stolz-usa,Jordan Stolz,USA,14.6,14554
short-track-m-500m,Men's 500m,short-track,gold,1,william-dandjinou-can,William Dandjinou,CAN,12.8,12826
speed-skating-m-500m,Men's 500m,speed-skating,gold,2,damian-zurek-pol,Damian Zurek,POL,8.5,8477
short-track-m-500m,Men's 500m,short-track,gold,2,pietro-sighel-ita,Pietro Sighel,ITA,11.9,11898
speed-skating-m-500m,Men's 500m,speed-skating,gold,3,jenning-de-boo-ned,Jenning De Boo,NED,7.9,7916
short-track-m-500m,Men's 500m,short-track,gold,3,park-ji-won-kor,Park Ji-won,KOR,11.1,11051
speed-skating-m-500m,Men's 500m,speed-skating,silver,1,jordan-stolz-usa,Jordan Stolz,USA,13.3,13253
short-track-m-500m,Men's 500m,short-track,silver,1,william-dandjinou-can,William Dandjinou,CAN,12.3,12307
speed-skating-m-500m,Men's 500m,speed-skating,silver,2,damian-zurek-pol,Damian Zurek,POL,8.1,8097
short-track-m-500m,Men's 500m,short-track,silver,2,pietro-sighel-ita,Pietro Sighel,ITA,11.4,11402
speed-skating-m-500m,Men's 500m,speed-skating,silver,3,jenning-de-boo-ned,Jenning De Boo,NED,7.9,7881
short-track-m-500m,Men's 500m,short-track,silver,3,park-ji-won-kor,Park Ji-won,KOR,10.8,10847
cross-country-m-50km-mass,Men's 50km Mass Start,cross-country,bronze,1,johannes-hoesflot-klaebo-nor,Johannes Hoesflot Klaebo,NOR,6.9,6885
cross-country-m-50km-mass,Men's 50km Mass Start,cross-country,bronze,2,edvin-anger-swe,Edvin Anger,SWE,5.6,5621
cross-country-m-50km-mass,Men's 50km Mass Start,cross-country,bronze,3,erik-valnes-nor,Erik Valnes,NOR,5.2,5243
cross-country-m-50km-mass,Men's 50km Mass Start,cross-country,gold,1,johannes-hoesflot-klaebo-nor,Johannes Hoesflot Klaebo,NOR,7.6,7631
cross-country-m-50km-mass,Men's 50km Mass Start,cross-country,gold,2,edvin-anger-swe,Edvin Anger,SWE,6.0,5973
cross-country-m-50km-mass,Men's 50km Mass Start,cross-country,gold,3,erik-valnes-nor,Erik Valnes,NOR,5.2,5207
cross-country-m-50km-mass,Men's 50km Mass Start,cross-country,silver,1,johannes-hoesflot-klaebo-nor,Johannes Hoesflot Klaebo,NOR,7.4,7357
cross-country-m-50km-mass,Men's 50km Mass Start,cross-country,silver,2,edvin-anger-swe,Edvin Anger,SWE,5.8,5767
cross-country-m-50km-mass,Men's 50km Mass Start,cross-country,silver,3,erik-valnes-nor,Erik Valnes,NOR,5.1,5132
freestyle-m-aerials,Men's Aerials,freestyle,bronze,1,qi-guangpu-chn,Qi Guangpu,CHN,13.3,13319
freestyle-m-aerials,Men's Aerials,freestyle,bronze,2,noe-roth-sui,Noe Roth,SUI,13.3,13315
freestyle-m-aerials,Men's Aerials,freestyle,bronze,3,wang-xindi-chn,Wang Xindi,CHN,11.2,11237
freestyle-m-aerials,Men's Aerials,freestyle,gold,1,noe-roth-sui,Noe Roth,SUI,15.0,14988
freestyle-m-aerials,Men's Aerials,freestyle,gold,2,qi-guangpu-chn,Qi Guangpu,CHN,14.8,14825
freestyle-m-aerials,Men's Aerials,freestyle,gold,3,sun-jiaxu-chn,Sun Jiaxu,CHN,11.3,11260
freestyle-m-aerials,Men's Aerials,freestyle,silver,1,qi-guangpu-chn,Qi Guangpu,CHN,14.2,14152
freestyle-m-aerials,Men's Aerials,freestyle,silver,2,noe-roth-sui,Noe Roth,SUI,14.0,14033
freestyle-m-aerials,Men's Aerials,freestyle,silver,3,wang-xindi-chn,Wang Xindi,CHN,11.4,11444
freestyle-m-big-air,Men's Big Air,freestyle,bronze,1,birk-ruud-nor,Birk Ruud,NOR,13.4,13409
snowboard-m-big-air,Men's Big Air,snowboard,bronze,1,su-yiming-chn,Su Yiming,CHN,13.5,13494
freestyle-m-big-air,Men's Big Air,freestyle,bronze,2,oliwer-magnusson-swe,Oliwer Magnusson,SWE,12.6,12617
snowboard-m-big-air,Men's Big Air,snowboard,bronze,2,kira-kimura-jpn,Kira Kimura,JPN,12.9,12901
freestyle-m-big-air,Men's Big Air,freestyle,bronze,3,alex-hall-usa,Alex Hall,USA,11.9,11911
snowboard-m-big-air,Men's Big Air,snowboard,bronze,3,marcus-kleveland-nor,Marcus Kleveland,NOR,12.1,12122
freestyle-m-big-air,Men's Big Air,freestyle,gold,1,birk-ruud-nor,Birk Ruud,NOR,14.7,14728
snowboard-m-big-air,Men's Big Air,snowboard,gold,1,su-yiming-chn,Su Yiming,CHN,15.3,15308
freestyle-m-big-air,Men's Big Air,freestyle,gold,2,oliwer-magnusson-swe,Oliwer Magnusson,SWE,13.5,13537
snowboard-m-big-air,Men's Big Air,snowboard,gold,2,kira-kimura-jpn,Kira Kimura,JPN,13.9,13927
freestyle-m-big-air,Men's Big Air,freestyle,gold,3,alex-hall-usa,Alex Hall,USA,12.8,12783
snowboard-m-big-air,Men's Big Air,snowboard,gold,3,marcus-kleveland-nor,Marcus Kleveland,NOR,12.8,12819
freestyle-m-big-air,Men's Big Air,freestyle,silver,1,birk-ruud-nor,Birk Ruud,NOR,14.0,14026
snowboard-m-big-air,Men's Big Air,snowboard,silver,1,su-yiming-chn,Su Yiming,CHN,14.3,14295
freestyle-m-big-air,Men's Big Air,freestyle,silver,2,oliwer-magnusson-swe,Oliwer Magnusson,SWE,13.3,13334
snowboard-m-big-air,Men's Big Air,snowboard,silver,2,kira-kimura-jpn,Kira Kimura,JPN,13.7,13663
freestyle-m-big-air,Men's Big Air,freestyle,silver,3,alex-hall-usa,Alex Hall,USA,12.4,12426
snowboard-m-big-air,Men's Big Air,snowboard,silver,3,marcus-kleveland-nor,Marcus Kleveland,NOR,12.5,12455
curling-m,Men's Curling,curling,bronze,1,steffen-walstad-nor,Steffen Walstad,NOR,15.9,15862
curling-m,Men's Curling,curling,bronze,2,magnus-ramsfjell-nor,Magnus Ramsfjell,NOR,15.4,15353
curling-m,Men's Curling,curling,bronze,3,korey-dropkin-usa,Korey Dropkin,USA,14.9,14888
curling-m,Men's Curling,curling,gold,1,steffen-walstad-nor,Steffen Walstad,NOR,18.6,18588
curling-m,Men's Curling,curling,gold,2,magnus-ramsfjell-nor,Magnus Ramsfjell,NOR,17.1,17103
curling-m,Men's Curling,curling,gold,3,korey-dropkin-usa,Korey Dropkin,USA,15.5,15477
curling-m,Men's Curling,curling,silver,1,steffen-walstad-nor,Steffen Walstad,NOR,17.1,17145
curling-m,Men's Curling,curling,silver,2,magnus-ramsfjell-nor,Magnus Ramsfjell,NOR,16.1,16071
curling-m,Men's Curling,curling,silver,3,korey-dropkin-usa,Korey Dropkin,USA,15.5,15483
alpine-m-downhill,Men's Downhill,alpine,bronze,1,marco-odermatt-sui,Marco Odermatt,SUI,11.2,11178
alpine-m-downhill,Men's Downhill,alpine,bronze,2,lucas-pinheiro-braathen-bra,Lucas Pinheiro Braathen,BRA,6.4,6407
alpine-m-downhill,Men's Downhill,alpine,bronze,3,atle-lie-mcgrath-nor,Atle Lie McGrath,NOR,6.3,6333
alpine-m-downhill,Men's Downhill,alpine,gold,1,marco-odermatt-sui,Marco Odermatt,SUI,14.0,14026
alpine-m-downhill,Men's Downhill,alpine,gold,2,lucas-pinheiro-braathen-bra,Lucas Pinheiro Braathen,BRA,6.8,6771
alpine-m-downhill,Men's Downhill,alpine,gold,3,atle-lie-mcgrath-nor,Atle Lie McGrath,NOR,6.2,6159
alpine-m-downhill,Men's Downhill,alpine,silver,1,marco-odermatt-sui,Marco Odermatt,SUI,12.7,12710
alpine-m-downhill,Men's Downhill,alpine,silver,2,lucas-pinheiro-braathen-bra,Lucas Pinheiro Braathen,BRA,6.7,6661
alpine-m-downhill,Men's Downhill,alpine,silver,3,atle-lie-mcgrath-nor,Atle Lie McGrath,NOR,6.3,6282
freestyle-m-dual-moguls,Men's Dual Moguls,freestyle,bronze,1,mikael-kingsbury-can,Mikael Kingsbury,CAN,10.8,10782
freestyle-m-dual-moguls,Men's Dual Moguls,freestyle,bronze,2,matt-graham-aus,Matt Graham,AUS,9.6,9615
freestyle-m-dual-moguls,Men's Dual Moguls,freestyle,bronze,3,nick-page-usa,Nick Page,USA,8.9,8907
freestyle-m-dual-moguls,Men's Dual Moguls,freestyle,gold,1,mikael-kingsbury-can,Mikael Kingsbury,CAN,11.9,11939
freestyle-m-dual-moguls,Men's Dual Moguls,freestyle,gold,2,matt-graham-aus,Matt Graham,AUS,10.4,10437
freestyle-m-dual-moguls,Men's Dual Moguls,freestyle,gold,3,nick-page-usa,Nick Page,USA,9.3,9327
freestyle-m-dual-moguls,Men's Dual Moguls,freestyle,silver,1,mikael-kingsbury-can,Mikael Kingsbury,CAN,11.3,11255
freestyle-m-dual-moguls,Men's Dual Moguls,freestyle,silver,2,matt-graham-aus,Matt Graham,AUS,9.9,9935
freestyle-m-dual-moguls,Men's Dual Moguls,freestyle,silver,3,nick-page-usa,Nick Page,USA,9.1,9089
alpine-m-giant-slalom,Men's Giant Slalom,alpine,bronze,1,marco-odermatt-sui,Marco Odermatt,SUI,11.0,11040
alpine-m-giant-slalom,Men's Giant Slalom,alpine,bronze,2,lucas-pinheiro-braathen-bra,Lucas Pinheiro Braathen,BRA,6.6,6601
alpine-m-giant-slalom,Men's Giant Slalom,alpine,bronze,3,atle-lie-mcgrath-nor,Atle Lie McGrath,NOR,6.2,6191
alpine-m-giant-slalom,Men's Giant Slalom,alpine,gold,1,marco-odermatt-sui,Marco Odermatt,SUI,13.9,13924
alpine-m-giant-slalom,Men's Giant Slalom,alpine,gold,2,lucas-pinheiro-braathen-bra,Lucas Pinheiro Braathen,BRA,6.7,6710
alpine-m-giant-slalom,Men's Giant Slalom,alpine,gold,3,atle-lie-mcgrath-nor,Atle Lie McGrath,NOR,6.2,6242
alpine-m-giant-slalom,Men's Giant Slalom,alpine,silver,1,marco-odermatt-sui,Marco Odermatt,SUI,12.5,12491
alpine-m-giant-slalom,Men's Giant Slalom,alpine,silver,2,lucas-pinheiro-braathen-bra,Lucas Pinheiro Braathen,BRA,6.6,6623
alpine-m-giant-slalom,Men's Giant Slalom,alpine,silver,3,atle-lie-mcgrath-nor,Atle Lie McGrath,NOR,6.2,6217
freestyle-m-halfpipe,Men's Halfpipe,freestyle,bronze,1,nico-porteous-nzl,Nico Porteous,NZL,14.1,14108
snowboard-m-halfpipe,Men's Halfpipe,snowboard,bronze,1,yuto-totsuka-jpn,Yuto Totsuka,JPN,13.4,13394
freestyle-m-halfpipe,Men's Halfpipe,freestyle,bronze,2,birk-ruud-nor,Birk Ruud,NOR,13.2,13207
snowboard-m-halfpipe,Men's Halfpipe,snowboard,bronze,2,valentino-guseli-aus,Valentino Guseli,AUS,12.9,12900
freestyle-m-halfpipe,Men's Halfpipe,freestyle,bronze,3,alex-ferreira-usa,Alex Ferreira,USA,12.7,12715
snowboard-m-halfpipe,Men's Halfpipe,snowboard,bronze,3,ryusei-yamada-jpn,Ryusei Yamada,JPN,12.2,12208
freestyle-m-halfpipe,Men's Halfpipe,freestyle,gold,1,nico-porteous-nzl,Nico Porteous,NZL,16.1,16061
snowboard-m-halfpipe,Men's Halfpipe,snowboard,gold,1,yuto-totsuka-jpn,Yuto Totsuka,JPN,15.2,15178
freestyle-m-halfpipe,Men's Halfpipe,freestyle,gold,2,birk-ruud-nor,Birk Ruud,NOR,14.6,14588
snowboard-m-halfpipe,Men's Halfpipe,snowboard,gold,2,valentino-guseli-aus,Valentino Guseli,AUS,14.0,14025
freestyle-m-halfpipe,Men's Halfpipe,freestyle,gold,3,alex-ferreira-usa,Alex Ferreira,USA,13.3,13265
snowboard-m-halfpipe,Men's Halfpipe,snowboard,gold,3,ryusei-yamada-jpn,Ryusei Yamada,JPN,12.8,12764
freestyle-m-halfpipe,Men's Halfpipe,freestyle,silver,1,nico-porteous-nzl,Nico Porteous,NZL,15.2,15158
snowboard-m-halfpipe,Men's Halfpipe,snowboard,silver,1,yuto-totsuka-jpn,Yuto Totsuka,JPN,14.5,14498
freestyle-m-halfpipe,Men's Halfpipe,freestyle,silver,2,birk-ruud-nor,Birk Ruud,NOR,13.9,13940
snowboard-m-halfpipe,Men's Halfpipe,snowboard,silver,2,valentino-guseli-aus,Valentino Guseli,AUS,13.5,13502
freestyle-m-halfpipe,Men's Halfpipe,freestyle,silver,3,alex-ferreira-usa,Alex Ferreira,USA,13.1,13057
snowboard-m-halfpipe,Men's Halfpipe,snowboard,silver,3,ryusei-yamada-jpn,Ryusei Yamada,JPN,12.4,12366
hockey-m,Men's Ice Hockey,hockey,bronze,1,team-slovakia-svk,Team Slovakia,SVK,13.2,13198
hockey-m,Men's Ice Hockey,hockey,bronze,2,team-germany-ger,Team Germany,GER,12.9,12852
hockey-m,Men's Ice Hockey,hockey,bronze,3,team-usa-usa,Team USA,USA,12.5,12505
hockey-m,Men's Ice Hockey,hockey,gold,1,team-slovakia-svk,Team Slovakia,SVK,13.7,13724
hockey-m,Men's Ice Hockey,hockey,gold,2,team-germany-ger,Team Germany,GER,13.3,13279
hockey-m,Men's Ice Hockey,hockey,gold,3,team-sweden-swe,Team Sweden,SWE,12.7,12684
hockey-m,Men's Ice Hockey,hockey,silver,1,team-germany-ger,Team Germany,GER,13.4,13415
hockey-m,Men's Ice Hockey,hockey,silver,2,team-slovakia-svk,Team Slovakia,SVK,13.3,13318
hockey-m,Men's Ice Hockey,hockey,silver,3,team-sweden-swe,Team Sweden,SWE,12.6,12638
nordic-combined-m-large-hill,Men's Individual Large Hill,nordic-combined,bronze,1,vinzenz-geiger-ger,Vinzenz Geiger,GER,11.6,11647
nordic-combined-m-large-hill,Men's Individual Large Hill,nordic-combined,bronze,2,johannes-lamparter-aut,Johannes Lamparter,AUT,10.7,10711
nordic-combined-m-large-hill,Men's Individual Large Hill,nordic-combined,bronze,3,julian-schmid-ger,Julian Schmid,GER,9.4,9425
nordic-combined-m-large-hill,Men's Individual Large Hill,nordic-combined,gold,1,vinzenz-geiger-ger,Vinzenz Geiger,GER,13.6,13612
nordic-combined-m-large-hill,Men's Individual Large Hill,nordic-combined,gold,2,johannes-lamparter-aut,Johannes Lamparter,AUT,11.7,11739
nordic-combined-m-large-hill,Men's Individual Large Hill,nordic-combined,gold,3,julian-schmid-ger,Julian Schmid,GER,10.0,10004
nordic-combined-m-large-hill,Men's Individual Large Hill,nordic-combined,silver,1,vinzenz-geiger-ger,Vinzenz Geiger,GER,12.7,12657
nordic-combined-m-large-hill,Men's Individual Large Hill,nordic-combined,silver,2,johannes-lamparter-aut,Johannes Lamparter,AUT,11.4,11368
nordic-combined-m-large-hill,Men's Individual Large Hill,nordic-combined,silver,3,julian-schmid-ger,Julian Schmid,GER,9.8,9762
nordic-combined-m-normal-hill,Men's Individual Normal Hill,nordic-combined,bronze,1,vinzenz-geiger-ger,Vinzenz Geiger,GER,11.8,11814
nordic-combined-m-normal-hill,Men's Individual Normal Hill,nordic-combined,bronze,2,johannes-lamparter-aut,Johannes Lamparter,AUT,10.8,10778
nordic-combined-m-normal-hill,Men's Individual Normal Hill,nordic-combined,bronze,3,julian-schmid-ger,Julian Schmid,GER,9.5,9503
nordic-combined-m-normal-hill,Men's Individual Normal Hill,nordic-combined,gold,1,vinzenz-geiger-ger,Vinzenz Geiger,GER,13.5,13483
nordic-combined-m-normal-hill,Men's Individual Normal Hill,nordic-combined,gold,2,johannes-lamparter-aut,Johannes Lamparter,AUT,11.9,11881
nordic-combined-m-normal-hill,Men's Individual Normal Hill,nordic-combined,gold,3,julian-schmid-ger,Julian Schmid,GER,10.0,10017
nordic-combined-m-normal-hill,Men's Individual Normal Hill,nordic-combined,silver,1,vinzenz-geiger-ger,Vinzenz Geiger,GER,12.8,12783
nordic-combined-m-normal-hill,Men's Individual Normal Hill,nordic-combined,silver,2,johannes-lamparter-aut,Johannes Lamparter,AUT,11.4,11375
nordic-combined-m-normal-hill,Men's Individual Normal Hill,nordic-combined,silver,3,julian-schmid-ger,Julian Schmid,GER,9.7,9740
ski-jumping-m-large-hill,Men's Large Hill Individual,ski-jumping,bronze,1,stefan-kraft-aut,Stefan Kraft,AUT,7.6,7598
ski-jumping-m-large-hill,Men's Large Hill Individual,ski-jumping,bronze,2,jan-hoerl-aut,Jan Hoerl,AUT,6.6,6597
ski-jumping-m-large-hill,Men's Large Hill Individual,ski-jumping,bronze,3,pius-paschke-ger,Pius Paschke,GER,6.4,6401
ski-jumping-m-large-hill,Men's Large Hill Individual,ski-jumping,gold,1,stefan-kraft-aut,Stefan Kraft,AUT,8.4,8355
ski-jumping-m-large-hill,Men's Large Hill Individual,ski-jumping,gold,2,jan-hoerl-aut,Jan Hoerl,AUT,7.2,7167
ski-jumping-m-large-hill,Men's Large Hill Individual,ski-jumping,gold,3,pius-paschke-ger,Pius Paschke,GER,6.7,6688
ski-jumping-m-large-hill,Men's Large Hill Individual,ski-jumping,silver,1,stefan-kraft-aut,Stefan Kraft,AUT,7.9,7904
ski-jumping-m-large-hill,Men's Large Hill Individual,ski-jumping,silver,2,jan-hoerl-aut,Jan Hoerl,AUT,6.9,6907
ski-jumping-m-large-hill,Men's Large Hill Individual,ski-jumping,silver,3,pius-paschke-ger,Pius Paschke,GER,6.7,6667
speed-skating-m-mass-start,Men's Mass Start,speed-skating,bronze,1,jordan-stolz-usa,Jordan Stolz,USA,11.7,11696
speed-skating-m-mass-start,Men's Mass Start,speed-skating,bronze,2,damian-zurek-pol,Damian Zurek,POL,7.9,7881
speed-skating-m-mass-start,Men's Mass Start,speed-skating,bronze,3,jenning-de-boo-ned,Jenning De Boo,NED,7.5,7538
speed-skating-m-mass-start,Men's Mass Start,speed-skating,gold,1,jordan-stolz-usa,Jordan Stolz,USA,14.6,14600
speed-skating-m-mass-start,Men's Mass Start,speed-skating,gold,2,damian-zurek-pol,Damian Zurek,POL,8.3,8302
speed-skating-m-mass-start,Men's Mass Start,speed-skating,gold,3,jenning-de-boo-ned,Jenning De Boo,NED,7.9,7861
speed-skating-m-mass-start,Men's Mass Start,speed-skating,silver,1,jordan-stolz-usa,Jordan Stolz,USA,13.0,13018
speed-skating-m-mass-start,Men's Mass Start,speed-skating,silver,2,damian-zurek-pol,Damian Zurek,POL,8.1,8080
speed-skating-m-mass-start,Men's Mass Start,speed-skating,silver,3,jenning-de-boo-ned,Jenning De Boo,NED,7.9,7928
freestyle-m-moguls,Men's Moguls,freestyle,bronze,1,mikael-kingsbury-can,Mikael Kingsbury,CAN,10.7,10715
freestyle-m-moguls,Men's Moguls,freestyle,bronze,2,matt-graham-aus,Matt Graham,AUS,9.6,9644
freestyle-m-moguls,Men's Moguls,freestyle,bronze,3,nick-page-usa,Nick Page,USA,8.9,8880
freestyle-m-moguls,Men's Moguls,freestyle,gold,1,mikael-kingsbury-can,Mikael Kingsbury,CAN,12.0,12031
freestyle-m-moguls,Men's Moguls,freestyle,gold,2,matt-graham-aus,Matt Graham,AUS,10.3,10323
freestyle-m-moguls,Men's Moguls,freestyle,gold,3,nick-page-usa,Nick Page,USA,9.2,9247
freestyle-m-moguls,Men's Moguls,freestyle,silver,1,mikael-kingsbury-can,Mikael Kingsbury,CAN,11.3,11259
freestyle-m-moguls,Men's Moguls,freestyle,silver,2,matt-graham-aus,Matt Graham,AUS,10.0,10000
freestyle-m-moguls,Men's Moguls,freestyle,silver,3,nick-page-usa,Nick Page,USA,9.0,8961
ski-jumping-m-normal-hill,Men's Normal Hill Individual,ski-jumping,bronze,1,stefan-kraft-aut,Stefan Kraft,AUT,7.8,7770
ski-jumping-m-normal-hill,Men's Normal Hill Individual,ski-jumping,bronze,2,jan-hoerl-aut,Jan Hoerl,AUT,6.7,6723
ski-jumping-m-normal-hill,Men's Normal Hill Individual,ski-jumping,bronze,3,pius-paschke-ger,Pius Paschke,GER,6.5,6492
ski-jumping-m-normal-hill,Men's Normal Hill Individual,ski-jumping,gold,1,stefan-kraft-aut,Stefan Kraft,AUT,8.2,8194
ski-jumping-m-normal-hill,Men's Normal Hill Individual,ski-jumping,gold,2,jan-hoerl-aut,Jan Hoerl,AUT,7.2,7179
ski-jumping-m-normal-hill,Men's Normal Hill Individual,ski-jumping,gold,3,pius-paschke-ger,Pius Paschke,GER,6.8,6793
ski-jumping-m-normal-hill,Men's Normal Hill Individual,ski-jumping,silver,1,stefan-kraft-aut,Stefan Kraft,AUT,8.0,8031
ski-jumping-m-normal-hill,Men's Normal Hill Individual,ski-jumping,silver,2,jan-hoerl-aut,Jan Hoerl,AUT,7.0,6989
ski-jumping-m-normal-hill,Men's Normal Hill Individual,ski-jumping,silver,3,pius-paschke-ger,Pius Paschke,GER,6.5,6477
snowboard-m-pgs,Men's Parallel Giant Slalom,snowboard,bronze,1,benjamin-karl-aut,Benjamin Karl,AUT,15.4,15426
snowboard-m-pgs,Men's Parallel Giant Slalom,snowboard,bronze,2,dmitry-loginov-rus,Dmitry Loginov,RUS,15.0,14998
snowboard-m-pgs,Men's Parallel Giant Slalom,snowboard,bronze,3,roland-fischnaller-ita,Roland Fischnaller,ITA,14.3,14256
snowboard-m-pgs,Men's Parallel Giant Slalom,snowboard,gold,1,benjamin-karl-aut,Benjamin Karl,AUT,17.5,17535
snowboard-m-pgs,Men's Parallel Giant Slalom,snowboard,gold,2,dmitry-loginov-rus,Dmitry Loginov,RUS,16.4,16369
snowboard-m-pgs,Men's Parallel Giant Slalom,snowboard,gold,3,roland-fischnaller-ita,Roland Fischnaller,ITA,14.7,14686
snowboard-m-pgs,Men's Parallel Giant Slalom,snowboard,silver,1,benjamin-karl-aut,Benjamin Karl,AUT,16.7,16694
snowboard-m-pgs,Men's Parallel Giant Slalom,snowboard,silver,2,dmitry-loginov-rus,Dmitry Loginov,RUS,15.4,15448
snowboard-m-pgs,Men's Parallel Giant Slalom,snowboard,silver,3,roland-fischnaller-ita,Roland Fischnaller,ITA,14.3,14334
figure-skating-m,Men's Singles,figure-skating,bronze,1,ilia-malinin-usa,Ilia Malinin,USA,10.0,9962
figure-skating-m,Men's Singles,figure-skating,bronze,2,yuma-kagiyama-jpn,Yuma Kagiyama,JPN,9.5,9470
figure-skating-m,Men's Singles,figure-skating,bronze,3,adam-siao-him-fa-fra,Adam Siao Him Fa,FRA,9.2,9185
figure-skating-m,Men's Singles,figure-skating,gold,1,ilia-malinin-usa,Ilia Malinin,USA,10.6,10551
figure-skating-m,Men's Singles,figure-skating,gold,2,yuma-kagiyama-jpn,Yuma Kagiyama,JPN,9.7,9655
figure-skating-m,Men's Singles,figure-skating,gold,3,adam-siao-him-fa-fra,Adam Siao Him Fa,FRA,9.4,9370
figure-skating-m,Men's Singles,figure-skating,silver,1,ilia-malinin-usa,Ilia Malinin,USA,10.4,10373
figure-skating-m,Men's Singles,figure-skating,silver,2,yuma-kagiyama-jpn,Yuma Kagiyama,JPN,9.6,9639
figure-skating-m,Men's Singles,figure-skating,silver,3,adam-siao-him-fa-fra,Adam Siao Him Fa,FRA,9.4,9384
luge-m-singles,Men's Singles Luge,luge,bronze,1,tucker-west-usa,Tucker West,USA,13.9,13880
luge-m-singles,Men's Singles Luge,luge,bronze,2,chris-mazdzer-usa,Chris Mazdzer,USA,13.2,13219
luge-m-singles,Men's Singles Luge,luge,bronze,3,sebastian-bley-ger,Sebastian Bley,GER,11.6,11557
luge-m-singles,Men's Singles Luge,luge,gold,1,tucker-west-usa,Tucker West,USA,16.0,16015
luge-m-singles,Men's Singles Luge,luge,gold,2,chris-mazdzer-usa,Chris Mazdzer,USA,14.5,14477
luge-m-singles,Men's Singles Luge,luge,gold,3,sebastian-bley-ger,Sebastian Bley,GER,12.0,11993
luge-m-singles,Men's Singles Luge,luge,silver,1,tucker-west-usa,Tucker West,USA,15.0,14996
luge-m-singles,Men's Singles Luge,luge,silver,2,chris-mazdzer-usa,Chris Mazdzer,USA,13.7,13707
luge-m-singles,Men's Singles Luge,luge,silver,3,sebastian-bley-ger,Sebastian Bley,GER,12.0,11999
skeleton-m,Men's Skeleton,skeleton,bronze,1,seunggi-jung-kor,Seunggi Jung,KOR,15.5,15546
skeleton-m,Men's Skeleton,skeleton,bronze,2,vladyslav-heraskevych-ukr,Vladyslav Heraskevych,UKR,15.2,15188
skeleton-m,Men's Skeleton,skeleton,bronze,3,austin-florian-usa,Austin Florian,USA,14.0,14017
skeleton-m,Men's Skeleton,skeleton,gold,1,seunggi-jung-kor,Seunggi Jung,KOR,17.9,17911
skeleton-m,Men's Skeleton,skeleton,gold,2,vladyslav-heraskevych-ukr,Vladyslav Heraskevych,UKR,16.6,16578
skeleton-m,Men's Skeleton,skeleton,gold,3,austin-florian-usa,Austin Florian,USA,14.4,14424
skeleton-m,Men's Skeleton,skeleton,silver,1,seunggi-jung-kor,Seunggi Jung,KOR,16.8,16785
skeleton-m,Men's Skeleton,skeleton,silver,2,vladyslav-heraskevych-ukr,Vladyslav Heraskevych,UKR,16.0,15975
skeleton-m,Men's Skeleton,skeleton,silver,3,austin-florian-usa,Austin Florian,USA,14.1,14099
freestyle-m-ski-cross,Men's Ski Cross,freestyle,bronze,1,reece-howden-can,Reece Howden,CAN,11.9,11941
freestyle-m-ski-cross,Men's Ski Cross,freestyle,bronze,2,simone-deromedis-ita,Simone Deromedis,ITA,11.1,11057
freestyle-m-ski-cross,Men's Ski Cross,freestyle,bronze,3,florian-wilmsmann-ger,Florian Wilmsmann,GER,10.7,10705
freestyle-m-ski-cross,Men's Ski Cross,freestyle,gold,1,reece-howden-can,Reece Howden,CAN,13.1,13125
freestyle-m-ski-cross,Men's Ski Cross,freestyle,gold,2,simone-deromedis-ita,Simone Deromedis,ITA,12.5,12452
freestyle-m-ski-cross,Men's Ski Cross,freestyle,gold,3,florian-wilmsmann-ger,Florian Wilmsmann,GER,11.6,11628
freestyle-m-ski-cross,Men's Ski Cross,freestyle,silver,1,reece-howden-can,Reece Howden,CAN,12.7,12725
freestyle-m-ski-cross,Men's Ski Cross,freestyle,silver,2,simone-deromedis-ita,Simone Deromedis,ITA,11.8,11751
freestyle-m-ski-cross,Men's Ski Cross,freestyle,silver,3,florian-wilmsmann-ger,Florian Wilmsmann,GER,11.4,11401
cross-country-m-skiathlon,Men's Skiathlon,cross-country,bronze,1,johannes-hoesflot-klaebo-nor,Johannes Hoesflot Klaebo,NOR,7.1,7078
cross-country-m-skiathlon,Men's Skiathlon,cross-country,bronze,2,edvin-anger-swe,Edvin Anger,SWE,5.7,5690
cross-country-m-skiathlon,Men's Skiathlon,cross-country,bronze,3,erik-valnes-nor,Erik Valnes,NOR,5.0,5036
cross-country-m-skiathlon,Men's Skiathlon,cross-country,gold,1,johannes-hoesflot-klaebo-nor,Johannes Hoesflot Klaebo,NOR,7.5,7474
cross-country-m-skiathlon,Men's Skiathlon,cross-country,gold,2,edvin-anger-swe,Edvin Anger,SWE,6.0,5963
cross-country-m-skiathlon,Men's Skiathlon,cross-country,gold,3,erik-valnes-nor,Erik Valnes,NOR,5.2,5203
cross-country-m-skiathlon,Men's Skiathlon,cross-country,silver,1,johannes-hoesflot-klaebo-nor,Johannes Hoesflot Klaebo,NOR,7.3,7269
cross-country-m-skiathlon,Men's Skiathlon,cross-country,silver,2,edvin-anger-swe,Edvin Anger,SWE,5.8,5846
cross-country-m-skiathlon,Men's Skiathlon,cross-country,silver,3,federico-pellegrino-ita,Federico Pellegrino,ITA,5.1,5078
alpine-m-slalom,Men's Slalom,alpine,bronze,1,marco-odermatt-sui,Marco Odermatt,SUI,11.2,11188
alpine-m-slalom,Men's Slalom,alpine,bronze,2,lucas-pinheiro-braathen-bra,Lucas Pinheiro Braathen,BRA,6.5,6452
alpine-m-slalom,Men's Slalom,alpine,bronze,3,atle-lie-mcgrath-nor,Atle Lie McGrath,NOR,6.3,6331
alpine-m-slalom,Men's Slalom,alpine,gold,1,marco-odermatt-sui,Marco Odermatt,SUI,14.0,14043
alpine-m-slalom,Men's Slalom,alpine,gold,2,lucas-pinheiro-braathen-bra,Lucas Pinheiro Braathen,BRA,6.6,6634
alpine-m-slalom,Men's Slalom,alpine,gold,3,atle-lie-mcgrath-nor,Atle Lie McGrath,NOR,6.2,6226
alpine-m-slalom,Men's Slalom,alpine,silver,1,marco-odermatt-sui,Marco Odermatt,SUI,12.5,12452
alpine-m-slalom,Men's Slalom,alpine,silver,2,lucas-pinheiro-braathen-bra,Lucas Pinheiro Braathen,BRA,6.6,6611
alpine-m-slalom,Men's Slalom,alpine,silver,3,atle-lie-mcgrath-nor,Atle Lie McGrath,NOR,6.3,6270
freestyle-m-slopestyle,Men's Slopestyle,freestyle,bronze,1,birk-ruud-nor,Birk Ruud,NOR,13.3,13343
snowboard-m-slopestyle,Men's Slopestyle,snowboard,bronze,1,su-yiming-chn,Su Yiming,CHN,13.4,13427
freestyle-m-slopestyle,Men's Slopestyle,freestyle,bronze,2,oliwer-magnusson-swe,Oliwer Magnusson,SWE,12.6,12643
snowboard-m-slopestyle,Men's Slopestyle,snowboard,bronze,2,kira-kimura-jpn,Kira Kimura,JPN,12.9,12898
freestyle-m-slopestyle,Men's Slopestyle,freestyle,bronze,3,alex-hall-usa,Alex Hall,USA,11.9,11895
snowboard-m-slopestyle,Men's Slopestyle,snowboard,bronze,3,marcus-kleveland-nor,Marcus Kleveland,NOR,12.0,11954
freestyle-m-slopestyle,Men's Slopestyle,freestyle,gold,1,birk-ruud-nor,Birk Ruud,NOR,14.6,14617
snowboard-m-slopestyle,Men's Slopestyle,snowboard,gold,1,su-yiming-chn,Su Yiming,CHN,15.2,15229
freestyle-m-slopestyle,Men's Slopestyle,freestyle,gold,2,oliwer-magnusson-swe,Oliwer Magnusson,SWE,13.7,13697
snowboard-m-slopestyle,Men's Slopestyle,snowboard,gold,2,kira-kimura-jpn,Kira Kimura,JPN,13.9,13944
freestyle-m-slopestyle,Men's Slopestyle,freestyle,gold,3,alex-hall-usa,Alex Hall,USA,12.6,12574
snowboard-m-slopestyle,Men's Slopestyle,snowboard,gold,3,marcus-kleveland-nor,Marcus Kleveland,NOR,12.9,12858
freestyle-m-slopestyle,Men's Slopestyle,freestyle,silver,1,birk-ruud-nor,Birk Ruud,NOR,14.1,14104
snowboard-m-slopestyle,Men's Slopestyle,snowboard,silver,1,su-yiming-chn,Su Yiming,CHN,14.5,14503
freestyle-m-slopestyle,Men's Slopestyle,freestyle,silver,2,oliwer-magnusson-swe,Oliwer Magnusson,SWE,13.1,13138
snowboard-m-slopestyle,Men's Slopestyle,snowboard,silver,2,kira-kimura-jpn,Kira Kimura,JPN,13.5,13492
freestyle-m-slopestyle,Men's Slopestyle,freestyle,silver,3,alex-hall-usa,Alex Hall,USA,12.2,12238
snowboard-m-slopestyle,Men's Slopestyle,snowboard,silver,3,marcus-kleveland-nor,Marcus Kleveland,NOR,12.5,12494
snowboard-m-cross,Men's Snowboard Cross,snowboard,bronze,1,eliot-grondin-can,Eliot Grondin,CAN,14.6,14637
snowboard-m-cross,Men's Snowboard Cross,snowboard,bronze,2,loan-bozzolo-fra,Loan Bozzolo,FRA,11.6,11615
snowboard-m-cross,Men's Snowboard Cross,snowboard,bronze,3,aidan-chollet-fra,Aidan Chollet,FRA,11.1,11138
snowboard-m-cross,Men's Snowboard Cross,snowboard,gold,1,eliot-grondin-can,Eliot Grondin,CAN,18.5,18472
snowboard-m-cross,Men's Snowboard Cross,snowboard,gold,2,loan-bozzolo-fra,Loan Bozzolo,FRA,12.1,12080
snowboard-m-cross,Men's Snowboard Cross,snowboard,gold,3,aidan-chollet-fra,Aidan Chollet,FRA,11.3,11299
snowboard-m-cross,Men's Snowboard Cross,snowboard,silver,1,eliot-grondin-can,Eliot Grondin,CAN,16.6,16583
snowboard-m-cross,Men's Snowboard Cross,snowboard,silver,2,loan-bozzolo-fra,Loan Bozzolo,FRA,11.9,11877
snowboard-m-cross,Men's Snowboard Cross,snowboard,silver,3,aidan-chollet-fra,Aidan Chollet,FRA,11.2,11230
cross-country-m-sprint,Men's Sprint,cross-country,bronze,1,johannes-hoesflot-klaebo-nor,Johannes Hoesflot Klaebo,NOR,6.9,6890
cross-country-m-sprint,Men's Sprint,cross-country,bronze,2,edvin-anger-swe,Edvin Anger,SWE,5.6,5605
cross-country-m-sprint,Men's Sprint,cross-country,bronze,3,erik-valnes-nor,Erik Valnes,NOR,5.1,5114
cross-country-m-sprint,Men's Sprint,cross-country,gold,1,johannes-hoesflot-klaebo-nor,Johannes Hoesflot Klaebo,NOR,7.6,7588
cross-country-m-sprint,Men's Sprint,cross-country,gold,2,edvin-anger-swe,Edvin Anger,SWE,5.8,5832
cross-country-m-sprint,Men's Sprint,cross-country,gold,3,federico-pellegrino-ita,Federico Pellegrino,ITA,5.2,5169
cross-country-m-sprint,Men's Sprint,cross-country,silver,1,johannes-hoesflot-klaebo-nor,Johannes Hoesflot Klaebo,NOR,7.2,7204
cross-country-m-sprint,Men's Sprint,cross-country,silver,2,edvin-anger-swe,Edvin Anger,SWE,5.9,5859
cross-country-m-sprint,Men's Sprint,cross-country,silver,3,federico-pellegrino-ita,Federico Pellegrino,ITA,5.2,5173
alpine-m-super-g,Men's Super-G,alpine,bronze,1,marco-odermatt-sui,Marco Odermatt,SUI,11.2,11231
alpine-m-super-g,Men's Super-G,alpine,bronze,2,lucas-pinheiro-braathen-bra,Lucas Pinheiro Braathen,BRA,6.5,6537
alpine-m-super-g,Men's Super-G,alpine,bronze,3,atle-lie-mcgrath-nor,Atle Lie McGrath,NOR,6.1,6143
alpine-m-super-g,Men's Super-G,alpine,gold,1,marco-odermatt-sui,Marco Odermatt,SUI,13.9,13904
alpine-m-super-g,Men's Super-G,alpine,gold,2,lucas-pinheiro-braathen-bra,Lucas Pinheiro Braathen,BRA,6.7,6710
alpine-m-super-g,Men's Super-G,alpine,gold,3,atle-lie-mcgrath-nor,Atle Lie McGrath,NOR,6.4,6392
alpine-m-super-g,Men's Super-G,alpine,silver,1,marco-odermatt-sui,Marco Odermatt,SUI,12.4,12440
alpine-m-super-g,Men's Super-G,alpine,silver,2,lucas-pinheiro-braathen-bra,Lucas Pinheiro Braathen,BRA,6.6,6578
alpine-m-super-g,Men's Super-G,alpine,silver,3,atle-lie-mcgrath-nor,Atle Lie McGrath,NOR,6.2,6220
bobsled-m-two-man,Two-Man Bobsled,bobsled,bronze,1,oskars-kibermanis-lat,Oskars Kibermanis,LAT,13.4,13359
bobsled-m-two-man,Two-Man Bobsled,bobsled,bronze,2,justin-kripps-can,Justin Kripps,CAN,12.5,12495
bobsled-m-two-man,Two-Man Bobsled,bobsled,bronze,3,frank-delduca-usa,Frank Delduca,USA,11.6,11566
bobsled-m-two-man,Two-Man Bobsled,bobsled,gold,1,oskars-kibermanis-lat,Oskars Kibermanis,LAT,15.4,15410
bobsled-m-two-man,Two-Man Bobsled,bobsled,gold,2,justin-kripps-can,Justin Kripps,CAN,13.4,13365
bobsled-m-two-man,Two-Man Bobsled,bobsled,gold,3,frank-delduca-usa,Frank Delduca,USA,11.8,11755
bobsled-m-two-man,Two-Man Bobsled,bobsled,silver,1,oskars-kibermanis-lat,Oskars Kibermanis,LAT,14.3,14339
bobsled-m-two-man,Two-Man Bobsled,bobsled,silver,2,justin-kripps-can,Justin Kripps,CAN,13.1,13076
bobsled-m-two-man,Two-Man Bobsled,bobsled,silver,3,frank-delduca-usa,Frank Delduca,USA,11.9,11875
bobsled-w-two-woman,Two-Woman Bobsled,bobsled,bronze,1,melanie-hasler-sui,Melanie Hasler,SUI,15.4,15402
bobsled-w-two-woman,Two-Woman Bobsled,bobsled,bronze,2,kim-kalicki-ger,Kim Kalicki,GER,14.6,14650
bobsled-w-two-woman,Two-Woman Bobsled,bobsled,bronze,3,christine-de-bruin-can,Christine de Bruin,CAN,13.5,13488
bobsled-w-two-woman,Two-Woman Bobsled,bobsled,gold,1,melanie-hasler-sui,Melanie Hasler,SUI,18.1,18100
bobsled-w-two-woman,Two-Woman Bobsled,bobsled,gold,2,kim-kalicki-ger,Kim Kalicki,GER,15.5,15510
bobsled-w-two-woman,Two-Woman Bobsled,bobsled,gold,3,christine-de-bruin-can,Christine de Bruin,CAN,13.8,13750
bobsled-w-two-woman,Two-Woman Bobsled,bobsled,silver,1,melanie-hasler-sui,Melanie Hasler,SUI,16.6,16586
bobsled-w-two-woman,Two-Woman Bobsled,bobsled,silver,2,kim-kalicki-ger,Kim Kalicki,GER,15.1,15126
bobsled-w-two-woman,Two-Woman Bobsled,bobsled,silver,3,christine-de-bruin-can,Christine de Bruin,CAN,13.8,13758
speed-skating-w-1000m,Women's 1000m,speed-skating,bronze,1,femke-kok-ned,Femke Kok,NED,9.7,9717
short-track-w-1000m,Women's 1000m,short-track,bronze,1,courtney-sarault-can,Courtney Sarault,CAN,12.5,12522
speed-skating-w-1000m,Women's 1000m,speed-skating,bronze,2,miho-takagi-jpn,Miho Takagi,JPN,8.4,8429
short-track-w-1000m,Women's 1000m,short-track,bronze,2,xandra-velzeboer-ned,Xandra Velzeboer,NED,12.2,12184
speed-skating-w-1000m,Women's 1000m,speed-skating,bronze,3,yukino-yoshida-jpn,Yukino Yoshida,JPN,7.3,7267
short-track-w-1000m,Women's 1000m,short-track,bronze,3,kim-gil-li-kor,Kim Gil-li,KOR,11.8,11786
speed-skating-w-1000m,Women's 1000m,speed-skating,gold,1,femke-kok-ned,Femke Kok,NED,11.1,11055
short-track-w-1000m,Women's 1000m,short-track,gold,1,courtney-sarault-can,Courtney Sarault,CAN,13.9,13867
speed-skating-w-1000m,Women's 1000m,speed-skating,gold,2,miho-takagi-jpn,Miho Takagi,JPN,9.5,9491
short-track-w-1000m,Women's 1000m,short-track,gold,2,xandra-velzeboer-ned,Xandra Velzeboer,NED,13.0,12989
speed-skating-w-1000m,Women's 1000m,speed-skating,gold,3,yukino-yoshida-jpn,Yukino Yoshida,JPN,7.7,7654
short-track-w-1000m,Women's 1000m,short-track,gold,3,kim-gil-li-kor,Kim Gil-li,KOR,12.3,12297
speed-skating-w-1000m,Women's 1000m,speed-skating,silver,1,femke-kok-ned,Femke Kok,NED,10.4,10407
short-track-w-1000m,Women's 1000m,short-track,silver,1,courtney-sarault-can,Courtney Sarault,CAN,13.4,13384
speed-skating-w-1000m,Women's 1000m,speed-skating,silver,2,miho-takagi-jpn,Miho Takagi,JPN,9.0,8995
short-track-w-1000m,Women's 1000m,short-track,silver,2,xandra-velzeboer-ned,Xandra Velzeboer,NED,12.8,12785
speed-skating-w-1000m,Women's 1000m,speed-skating,silver,3,yukino-yoshida-jpn,Yukino Yoshida,JPN,7.5,7522
short-track-w-1000m,Women's 1000m,short-track,silver,3,kim-gil-li-kor,Kim Gil-li,KOR,11.7,11703
cross-country-w-10km,Women's 10km,cross-country,bronze,1,jessie-diggins-usa,Jessie Diggins,USA,6.4,6441
cross-country-w-10km,Women's 10km,cross-country,bronze,2,victoria-carl-ger,Victoria Carl,GER,5.5,5515
cross-country-w-10km,Women's 10km,cross-country,bronze,3,kerttu-niskanen-fin,Kerttu Niskanen,FIN,5.2,5168
cross-country-w-10km,Women's 10km,cross-country,gold,1,jessie-diggins-usa,Jessie Diggins,USA,6.9,6901
cross-country-w-10km,Women's 10km,cross-country,gold,2,victoria-carl-ger,Victoria Carl,GER,5.8,5755
cross-country-w-10km,Women's 10km,cross-country,gold,3,kerttu-niskanen-fin,Kerttu Niskanen,FIN,5.3,5316
cross-country-w-10km,Women's 10km,cross-country,silver,1,jessie-diggins-usa,Jessie Diggins,USA,6.7,6665
cross-country-w-10km,Women's 10km,cross-country,silver,2,victoria-carl-ger,Victoria Carl,GER,5.7,5666
cross-country-w-10km,Women's 10km,cross-country,silver,3,kerttu-niskanen-fin,Kerttu Niskanen,FIN,5.3,5275
biathlon-w-10km-pursuit,Women's 10km Pursuit,biathlon,bronze,1,lou-jeanmonnot-fra,Lou Jeanmonnot,FRA,7.2,7157
biathlon-w-10km-pursuit,Women's 10km Pursuit,biathlon,bronze,2,suvi-minkkinen-fin,Suvi Minkkinen,FIN,5.8,5801
biathlon-w-10km-pursuit,Women's 10km Pursuit,biathlon,bronze,3,maren-kirkeeide-nor,Maren Kirkeeide,NOR,5.6,5555
biathlon-w-10km-pursuit,Women's 10km Pursuit,biathlon,gold,1,lou-jeanmonnot-fra,Lou Jeanmonnot,FRA,7.9,7884
biathlon-w-10km-pursuit,Women's 10km Pursuit,biathlon,gold,2,suvi-minkkinen-fin,Suvi Minkkinen,FIN,6.0,6005
biathlon-w-10km-pursuit,Women's 10km Pursuit,biathlon,gold,3,maren-kirkeeide-nor,Maren Kirkeeide,NOR,5.8,5777
biathlon-w-10km-pursuit,Women's 10km Pursuit,biathlon,silver,1,lou-jeanmonnot-fra,Lou Jeanmonnot,FRA,7.4,7421
biathlon-w-10km-pursuit,Women's 10km Pursuit,biathlon,silver,2,suvi-minkkinen-fin,Suvi Minkkinen,FIN,5.9,5906
biathlon-w-10km-pursuit,Women's 10km Pursuit,biathlon,silver,3,maren-kirkeeide-nor,Maren Kirkeeide,NOR,5.6,5613
biathlon-w-12.5km-mass-start,Women's 12.5km Mass Start,biathlon,bronze,1,lou-jeanmonnot-fra,Lou Jeanmonnot,FRA,7.1,7073
biathlon-w-12.5km-mass-start,Women's 12.5km Mass Start,biathlon,bronze,2,suvi-minkkinen-fin,Suvi Minkkinen,FIN,5.9,5882
biathlon-w-12.5km-mass-start,Women's 12.5km Mass Start,biathlon,bronze,3,maren-kirkeeide-nor,Maren Kirkeeide,NOR,5.5,5527
biathlon-w-12.5km-mass-start,Women's 12.5km Mass Start,biathlon,gold,1,lou-jeanmonnot-fra,Lou Jeanmonnot,FRA,7.8,7825
biathlon-w-12.5km-mass-start,Women's 12.5km Mass Start,biathlon,gold,2,suvi-minkkinen-fin,Suvi Minkkinen,FIN,6.1,6065
biathlon-w-12.5km-mass-start,Women's 12.5km Mass Start,biathlon,gold,3,maren-kirkeeide-nor,Maren Kirkeeide,NOR,5.8,5756
biathlon-w-12.5km-mass-start,Women's 12.5km Mass Start,biathlon,silver,1,lou-jeanmonnot-fra,Lou Jeanmonnot,FRA,7.6,7564
biathlon-w-12.5km-mass-start,Women's 12.5km Mass Start,biathlon,silver,2,suvi-minkkinen-fin,Suvi Minkkinen,FIN,5.8,5836
biathlon-w-12.5km-mass-start,Women's 12.5km Mass Start,biathlon,silver,3,maren-kirkeeide-nor,Maren Kirkeeide,NOR,5.7,5660
speed-skating-w-1500m,Women's 1500m,speed-skating,bronze,1,femke-kok-ned,Femke Kok,NED,9.8,9763
short-track-w-1500m,Women's 1500m,short-track,bronze,1,courtney-sarault-can,Courtney Sarault,CAN,12.7,12665
speed-skating-w-1500m,Women's 1500m,speed-skating,bronze,2,miho-takagi-jpn,Miho Takagi,JPN,8.5,8542
short-track-w-1500m,Women's 1500m,short-track,bronze,2,xandra-velzeboer-ned,Xandra Velzeboer,NED,12.3,12271
speed-skating-w-1500m,Women's 1500m,speed-skating,bronze,3,yukino-yoshida-jpn,Yukino Yoshida,JPN,7.4,7371
short-track-w-1500m,Women's 1500m,short-track,bronze,3,kim-gil-li-kor,Kim Gil-li,KOR,11.8,11776
speed-skating-w-1500m,Women's 1500m,speed-skating,gold,1,femke-kok-ned,Femke Kok,NED,11.1,11077
short-track-w-1500m,Women's 1500m,short-track,gold,1,courtney-sarault-can,Courtney Sarault,CAN,13.9,13930
speed-skating-w-1500m,Women's 1500m,speed-skating,gold,2,miho-takagi-jpn,Miho Takagi,JPN,9.6,9601
short-track-w-1500m,Women's 1500m,short-track,gold,2,xandra-velzeboer-ned,Xandra Velzeboer,NED,12.9,12918
speed-skating-w-1500m,Women's 1500m,speed-skating,gold,3,yukino-yoshida-jpn,Yukino Yoshida,JPN,7.7,7672
short-track-w-1500m,Women's 1500m,short-track,gold,3,kim-gil-li-kor,Kim Gil-li,KOR,12.0,12018
speed-skating-w-1500m,Women's 1500m,speed-skating,silver,1,femke-kok-ned,Femke Kok,NED,10.3,10341
short-track-w-1500m,Women's 1500m,short-track,silver,1,courtney-sarault-can,Courtney Sarault,CAN,13.4,13356
speed-skating-w-1500m,Women's 1500m,speed-skating,silver,2,miho-takagi-jpn,Miho Takagi,JPN,9.1,9140
short-track-w-1500m,Women's 1500m,short-track,silver,2,xandra-velzeboer-ned,Xandra Velzeboer,NED,12.6,12634
speed-skating-w-1500m,Women's 1500m,speed-skating,silver,3,yukino-yoshida-jpn,Yukino Yoshida,JPN,7.4,7416
short-track-w-1500m,Women's 1500m,short-track,silver,3,kim-gil-li-kor,Kim Gil-li,KOR,11.9,11915
biathlon-w-15km-individual,Women's 15km Individual,biathlon,bronze,1,lou-jeanmonnot-fra,Lou Jeanmonnot,FRA,7.3,7311
biathlon-w-15km-individual,Women's 15km Individual,biathlon,bronze,2,suvi-minkkinen-fin,Suvi Minkkinen,FIN,5.9,5910
biathlon-w-15km-individual,Women's 15km Individual,biathlon,bronze,3,maren-kirkeeide-nor,Maren Kirkeeide,NOR,5.5,5510
biathlon-w-15km-individual,Women's 15km Individual,biathlon,gold,1,lou-jeanmonnot-fra,Lou Jeanmonnot,FRA,7.8,7834
biathlon-w-15km-individual,Women's 15km Individual,biathlon,gold,2,suvi-minkkinen-fin,Suvi Minkkinen,FIN,6.0,5989
biathlon-w-15km-individual,Women's 15km Individual,biathlon,gold,3,maren-kirkeeide-nor,Maren Kirkeeide,NOR,5.7,5736
biathlon-w-15km-individual,Women's 15km Individual,biathlon,silver,1,lou-jeanmonnot-fra,Lou Jeanmonnot,FRA,7.6,7623
biathlon-w-15km-individual,Women's 15km Individual,biathlon,silver,2,suvi-minkkinen-fin,Suvi Minkkinen,FIN,5.9,5869
biathlon-w-15km-individual,Women's 15km Individual,biathlon,silver,3,maren-kirkeeide-nor,Maren Kirkeeide,NOR,5.7,5697
speed-skating-w-3000m,Women's 3000m,speed-skating,bronze,1,femke-kok-ned,Femke Kok,NED,9.7,9723
speed-skating-w-3000m,Women's 3000m,speed-skating,bronze,2,miho-takagi-jpn,Miho Takagi,JPN,8.5,8475
speed-skating-w-3000m,Women's 3000m,speed-skating,bronze,3,yukino-yoshida-jpn,Yukino Yoshida,JPN,7.3,7298
speed-skating-w-3000m,Women's 3000m,speed-skating,gold,1,femke-kok-ned,Femke Kok,NED,11.0,10981
speed-skating-w-3000m,Women's 3000m,speed-skating,gold,2,miho-takagi-jpn,Miho Takagi,JPN,9.6,9564
speed-skating-w-3000m,Women's 3000m,speed-skating,gold,3,yukino-yoshida-jpn,Yukino Yoshida,JPN,7.6,7551
speed-skating-w-3000m,Women's 3000m,speed-skating,silver,1,femke-kok-ned,Femke Kok,NED,10.4,10404
speed-skating-w-3000m,Women's 3000m,speed-skating,silver,2,miho-takagi-jpn,Miho Takagi,JPN,8.9,8903
speed-skating-w-3000m,Women's 3000m,speed-skating,silver,3,yukino-yoshida-jpn,Yukino Yoshida,JPN,7.5,7534
speed-skating-w-5000m,Women's 5000m,speed-skating,bronze,1,femke-kok-ned,Femke Kok,NED,9.6,9566
speed-skating-w-5000m,Women's 5000m,speed-skating,bronze,2,miho-takagi-jpn,Miho Takagi,JPN,8.7,8718
speed-skating-w-5000m,Women's 5000m,speed-skating,bronze,3,yukino-yoshida-jpn,Yukino Yoshida,JPN,7.2,7246
speed-skating-w-5000m,Women's 5000m,speed-skating,gold,1,femke-kok-ned,Femke Kok,NED,11.1,11135
speed-skating-w-5000m,Women's 5000m,speed-skating,gold,2,miho-takagi-jpn,Miho Takagi,JPN,9.2,9246
speed-skating-w-5000m,Women's 5000m,speed-skating,gold,3,yukino-yoshida-jpn,Yukino Yoshida,JPN,7.6,7590
speed-skating-w-5000m,Women's 5000m,speed-skating,silver,1,femke-kok-ned,Femke Kok,NED,10.4,10422
speed-skating-w-5000m,Women's 5000m,speed-skating,silver,2,miho-takagi-jpn,Miho Takagi,JPN,9.1,9098
speed-skating-w-5000m,Women's 5000m,speed-skating,silver,3,yukino-yoshida-jpn,Yukino Yoshida,JPN,7.5,7481
speed-skating-w-500m,Women's 500m,speed-skating,bronze,1,femke-kok-ned,Femke Kok,NED,9.5,9514
short-track-w-500m,Women's 500m,short-track,bronze,1,courtney-sarault-can,Courtney Sarault,CAN,12.8,12776
speed-skating-w-500m,Women's 500m,speed-skating,bronze,2,miho-takagi-jpn,Miho Takagi,JPN,8.6,8641
short-track-w-500m,Women's 500m,short-track,bronze,2,xandra-velzeboer-ned,Xandra Velzeboer,NED,12.2,12218
speed-skating-w-500m,Women's 500m,speed-skating,bronze,3,yukino-yoshida-jpn,Yukino Yoshida,JPN,7.2,7197
short-track-w-500m,Women's 500m,short-track,bronze,3,kim-gil-li-kor,Kim Gil-li,KOR,11.7,11732
speed-skating-w-500m,Women's 500m,speed-skating,gold,1,femke-kok-ned,Femke Kok,NED,11.1,11101
short-track-w-500m,Women's 500m,short-track,gold,1,courtney-sarault-can,Courtney Sarault,CAN,14.0,14001
speed-skating-w-500m,Women's 500m,speed-skating,gold,2,miho-takagi-jpn,Miho Takagi,JPN,9.5,9513
short-track-w-500m,Women's 500m,short-track,gold,2,xandra-velzeboer-ned,Xandra Velzeboer,NED,13.0,12950
speed-skating-w-500m,Women's 500m,speed-skating,gold,3,yukino-yoshida-jpn,Yukino Yoshida,JPN,7.6,7619
short-track-w-500m,Women's 500m,short-track,gold,3,kim-gil-li-kor,Kim Gil-li,KOR,12.1,12148
speed-skating-w-500m,Women's 500m,speed-skating,silver,1,femke-kok-ned,Femke Kok,NED,10.5,10489
short-track-w-500m,Women's 500m,short-track,silver,1,courtney-sarault-can,Courtney Sarault,CAN,13.2,13241
speed-skating-w-500m,Women's 500m,speed-skating,silver,2,miho-takagi-jpn,Miho Takagi,JPN,9.0,9039
short-track-w-500m,Women's 500m,short-track,silver,2,xandra-velzeboer-ned,Xandra Velzeboer,NED,12.7,12749
speed-skating-w-500m,Women's 500m,speed-skating,silver,3,yukino-yoshida-jpn,Yukino Yoshida,JPN,7.4,7382
short-track-w-500m,Women's 500m,short-track,silver,3,kim-gil-li-kor,Kim Gil-li,KOR,11.8,11792
cross-country-w-50km-mass,Women's 50km Mass Start,cross-country,bronze,1,jessie-diggins-usa,Jessie Diggins,USA,6.5,6541
cross-country-w-50km-mass,Women's 50km Mass Start,cross-country,bronze,2,victoria-carl-ger,Victoria Carl,GER,5.6,5607
cross-country-w-50km-mass,Women's 50km Mass Start,cross-country,bronze,3,kerttu-niskanen-fin,Kerttu Niskanen,FIN,5.1,5125
cross-country-w-50km-mass,Women's 50km Mass Start,cross-country,gold,1,jessie-diggins-usa,Jessie Diggins,USA,6.8,6789
cross-country-w-50km-mass,Women's 50km Mass Start,cross-country,gold,2,victoria-carl-ger,Victoria Carl,GER,5.7,5699
cross-country-w-50km-mass,Women's 50km Mass Start,cross-country,gold,3,kerttu-niskanen-fin,Kerttu Niskanen,FIN,5.4,5380
cross-country-w-50km-mass,Women's 50km Mass Start,cross-country,silver,1,jessie-diggins-usa,Jessie Diggins,USA,6.8,6801
cross-country-w-50km-mass,Women's 50km Mass Start,cross-country,silver,2,victoria-carl-ger,Victoria Carl,GER,5.6,5579
cross-country-w-50km-mass,Women's 50km Mass Start,cross-country,silver,3,moa-ilar-swe,Moa Ilar,SWE,5.2,5181
biathlon-w-7.5km-sprint,Women's 7.5km Sprint,biathlon,bronze,1,lou-jeanmonnot-fra,Lou Jeanmonnot,FRA,7.3,7274
biathlon-w-7.5km-sprint,Women's 7.5km Sprint,biathlon,bronze,2,suvi-minkkinen-fin,Suvi Minkkinen,FIN,5.7,5662
biathlon-w-7.5km-sprint,Women's 7.5km Sprint,biathlon,bronze,3,maren-kirkeeide-nor,Maren Kirkeeide,NOR,5.5,5519
biathlon-w-7.5km-sprint,Women's 7.5km Sprint,biathlon,gold,1,lou-jeanmonnot-fra,Lou Jeanmonnot,FRA,8.0,8009
biathlon-w-7.5km-sprint,Women's 7.5km Sprint,biathlon,gold,2,suvi-minkkinen-fin,Suvi Minkkinen,FIN,6.1,6088
biathlon-w-7.5km-sprint,Women's 7.5km Sprint,biathlon,gold,3,hanna-oeberg-swe,Hanna Oeberg,SWE,5.6,5643
biathlon-w-7.5km-sprint,Women's 7.5km Sprint,biathlon,silver,1,lou-jeanmonnot-fra,Lou Jeanmonnot,FRA,7.5,7475
biathlon-w-7.5km-sprint,Women's 7.5km Sprint,biathlon,silver,2,suvi-minkkinen-fin,Suvi Minkkinen,FIN,5.8,5842
biathlon-w-7.5km-sprint,Women's 7.5km Sprint,biathlon,silver,3,maren-kirkeeide-nor,Maren Kirkeeide,NOR,5.6,5610
freestyle-w-aerials,Women's Aerials,freestyle,bronze,1,xu-mengtao-chn,Xu Mengtao,CHN,13.1,13131
freestyle-w-aerials,Women's Aerials,freestyle,bronze,2,laura-peel-aus,Laura Peel,AUS,12.5,12495
freestyle-w-aerials,Women's Aerials,freestyle,bronze,3,winter-vinecki-usa,Winter Vinecki,USA,11.2,11227
freestyle-w-aerials,Women's Aerials,freestyle,gold,1,xu-mengtao-chn,Xu Mengtao,CHN,14.3,14287
freestyle-w-aerials,Women's Aerials,freestyle,gold,2,laura-peel-aus,Laura Peel,AUS,13.6,13612
freestyle-w-aerials,Women's Aerials,freestyle,gold,3,winter-vinecki-usa,Winter Vinecki,USA,11.5,11494
freestyle-w-aerials,Women's Aerials,freestyle,silver,1,xu-mengtao-chn,Xu Mengtao,CHN,13.6,13553
freestyle-w-aerials,Women's Aerials,freestyle,silver,2,laura-peel-aus,Laura Peel,AUS,13.1,13143
freestyle-w-aerials,Women's Aerials,freestyle,silver,3,winter-vinecki-usa,Winter Vinecki,USA,11.4,11394
freestyle-w-big-air,Women's Big Air,freestyle,bronze,1,eileen-gu-chn,Eileen Gu,CHN,13.9,13941
snowboard-w-big-air,Women's Big Air,snowboard,bronze,1,zoi-sadowski-synnott-nzl,Zoi Sadowski-Synnott,NZL,14.9,14943
freestyle-w-big-air,Women's Big Air,freestyle,bronze,2,kelly-sildaru-est,Kelly Sildaru,EST,13.5,13516
snowboard-w-big-air,Women's Big Air,snowboard,bronze,2,anna-gasser-aut,Anna Gasser,AUT,14.3,14301
freestyle-w-big-air,Women's Big Air,freestyle,bronze,3,megan-oldham-can,Megan Oldham,CAN,12.7,12725
snowboard-w-big-air,Women's Big Air,snowboard,bronze,3,kokomo-murase-jpn,Kokomo Murase,JPN,13.8,13802
freestyle-w-big-air,Women's Big Air,freestyle,gold,1,eileen-gu-chn,Eileen Gu,CHN,15.6,15645
snowboard-w-big-air,Women's Big Air,snowboard,gold,1,zoi-sadowski-synnott-nzl,Zoi Sadowski-Synnott,NZL,16.6,16606
freestyle-w-big-air,Women's Big Air,freestyle,gold,2,kelly-sildaru-est,Kelly Sildaru,EST,14.5,14493
snowboard-w-big-air,Women's Big Air,snowboard,gold,2,anna-gasser-aut,Anna Gasser,AUT,15.5,15493
freestyle-w-big-air,Women's Big Air,freestyle,gold,3,megan-oldham-can,Megan Oldham,CAN,13.3,13345
snowboard-w-big-air,Women's Big Air,snowboard,gold,3,kokomo-murase-jpn,Kokomo Murase,JPN,14.2,14188
freestyle-w-big-air,Women's Big Air,freestyle,silver,1,eileen-gu-chn,Eileen Gu,CHN,15.0,14960
snowboard-w-big-air,Women's Big Air,snowboard,silver,1,zoi-sadowski-synnott-nzl,Zoi Sadowski-Synnott,NZL,15.8,15828
freestyle-w-big-air,Women's Big Air,freestyle,silver,2,kelly-sildaru-est,Kelly Sildaru,EST,14.1,14071
snowboard-w-big-air,Women's Big Air,snowboard,silver,2,anna-gasser-aut,Anna Gasser,AUT,15.0,14965
freestyle-w-big-air,Women's Big Air,freestyle,silver,3,megan-oldham-can,Megan Oldham,CAN,13.1,13063
snowboard-w-big-air,Women's Big Air,snowboard,silver,3,kokomo-murase-jpn,Kokomo Murase,JPN,14.1,14118
curling-w,Women's Curling,curling,bronze,1,kristin-skaslien-nor,Kristin Skaslien,NOR,16.2,16179
curling-w,Women's Curling,curling,bronze,2,marianne-roervik-nor,Marianne Roervik,NOR,15.8,15848
curling-w,Women's Curling,curling,bronze,3,tabitha-peterson-usa,Tabitha Peterson,USA,15.2,15220
curling-w,Women's Curling,curling,gold,1,kristin-skaslien-nor,Kristin Skaslien,NOR,18.9,18887
curling-w,Women's Curling,curling,gold,2,marianne-roervik-nor,Marianne Roervik,NOR,17.8,17768
curling-w,Women's Curling,curling,gold,3,tabitha-peterson-usa,Tabitha Peterson,USA,15.9,15926
curling-w,Women's Curling,curling,silver,1,kristin-skaslien-nor,Kristin Skaslien,NOR,17.8,17796
curling-w,Women's Curling,curling,silver,2,marianne-roervik-nor,Marianne Roervik,NOR,17.0,17014
curling-w,Women's Curling,curling,silver,3,tabitha-peterson-usa,Tabitha Peterson,USA,15.8,15770
alpine-w-downhill,Women's Downhill,alpine,bronze,1,mikaela-shiffrin-usa,Mikaela Shiffrin,USA,8.5,8525
alpine-w-downhill,Women's Downhill,alpine,bronze,2,camille-rast-sui,Camille Rast,SUI,7.8,7803
alpine-w-downhill,Women's Downhill,alpine,bronze,3,emma-aicher-ger,Emma Aicher,GER,5.7,5720
alpine-w-downhill,Women's Downhill,alpine,gold,1,mikaela-shiffrin-usa,Mikaela Shiffrin,USA,9.7,9680
alpine-w-downhill,Women's Downhill,alpine,gold,2,camille-rast-sui,Camille Rast,SUI,8.4,8431
alpine-w-downhill,Women's Downhill,alpine,gold,3,emma-aicher-ger,Emma Aicher,GER,5.9,5875
alpine-w-downhill,Women's Downhill,alpine,silver,1,mikaela-shiffrin-usa,Mikaela Shiffrin,USA,9.2,9221
alpine-w-downhill,Women's Downhill,alpine,silver,2,camille-rast-sui,Camille Rast,SUI,8.0,8003
alpine-w-downhill,Women's Downhill,alpine,silver,3,emma-aicher-ger,Emma Aicher,GER,5.8,5799
freestyle-w-dual-moguls,Women's Dual Moguls,freestyle,bronze,1,jaelin-kauf-usa,Jaelin Kauf,USA,14.2,14157
freestyle-w-dual-moguls,Women's Dual Moguls,freestyle,bronze,2,perrine-laffont-fra,Perrine Laffont,FRA,12.5,12506
freestyle-w-dual-moguls,Women's Dual Moguls,freestyle,bronze,3,maia-schwinghammer-can,Maia Schwinghammer,CAN,9.2,9217
freestyle-w-dual-moguls,Women's Dual Moguls,freestyle,gold,1,jaelin-kauf-usa,Jaelin Kauf,USA,17.8,17777
freestyle-w-dual-moguls,Women's Dual Moguls,freestyle,gold,2,perrine-laffont-fra,Perrine Laffont,FRA,14.6,14597
freestyle-w-dual-moguls,Women's Dual Moguls,freestyle,gold,3,tess-johnson-usa,Tess Johnson,USA,9.2,9215
freestyle-w-dual-moguls,Women's Dual Moguls,freestyle,silver,1,jaelin-kauf-usa,Jaelin Kauf,USA,15.8,15768
freestyle-w-dual-moguls,Women's Dual Moguls,freestyle,silver,2,perrine-laffont-fra,Perrine Laffont,FRA,13.4,13431
freestyle-w-dual-moguls,Women's Dual Moguls,freestyle,silver,3,tess-johnson-usa,Tess Johnson,USA,9.2,9225
alpine-w-giant-slalom,Women's Giant Slalom,alpine,bronze,1,mikaela-shiffrin-usa,Mikaela Shiffrin,USA,8.7,8668
alpine-w-giant-slalom,Women's Giant Slalom,alpine,bronze,2,camille-rast-sui,Camille Rast,SUI,7.7,7663
alpine-w-giant-slalom,Women's Giant Slalom,alpine,bronze,3,emma-aicher-ger,Emma Aicher,GER,5.7,5737
alpine-w-giant-slalom,Women's Giant Slalom,alpine,gold,1,mikaela-shiffrin-usa,Mikaela Shiffrin,USA,9.8,9784
alpine-w-giant-slalom,Women's Giant Slalom,alpine,gold,2,camille-rast-sui,Camille Rast,SUI,8.2,8233
alpine-w-giant-slalom,Women's Giant Slalom,alpine,gold,3,paula-moltzan-usa,Paula Moltzan,USA,5.8,5844
alpine-w-giant-slalom,Women's Giant Slalom,alpine,silver,1,mikaela-shiffrin-usa,Mikaela Shiffrin,USA,9.2,9222
alpine-w-giant-slalom,Women's Giant Slalom,alpine,silver,2,camille-rast-sui,Camille Rast,SUI,7.9,7908
alpine-w-giant-slalom,Women's Giant Slalom,alpine,silver,3,emma-aicher-ger,Emma Aicher,GER,5.8,5811
freestyle-w-halfpipe,Women's Halfpipe,freestyle,bronze,1,eileen-gu-chn,Eileen Gu,CHN,16.2,16163
snowboard-w-halfpipe,Women's Halfpipe,snowboard,bronze,1,chloe-kim-usa,Chloe Kim,USA,16.2,16211
freestyle-w-halfpipe,Women's Halfpipe,freestyle,bronze,2,rachael-karker-can,Rachael Karker,CAN,15.4,15417
snowboard-w-halfpipe,Women's Halfpipe,snowboard,bronze,2,sena-tomita-jpn,Sena Tomita,JPN,15.5,15480
freestyle-w-halfpipe,Women's Halfpipe,freestyle,bronze,3,zoe-atkin-gbr,Zoe Atkin,GBR,13.9,13937
snowboard-w-halfpipe,Women's Halfpipe,snowboard,bronze,3,queralt-castellet-esp,Queralt Castellet,ESP,13.8,13803
freestyle-w-halfpipe,Women's Halfpipe,freestyle,gold,1,eileen-gu-chn,Eileen Gu,CHN,19.8,19779
snowboard-w-halfpipe,Women's Halfpipe,snowboard,gold,1,chloe-kim-usa,Chloe Kim,USA,19.4,19428
freestyle-w-halfpipe,Women's Halfpipe,freestyle,gold,2,rachael-karker-can,Rachael Karker,CAN,16.9,16923
snowboard-w-halfpipe,Women's Halfpipe,snowboard,gold,2,sena-tomita-jpn,Sena Tomita,JPN,17.0,16962
freestyle-w-halfpipe,Women's Halfpipe,freestyle,gold,3,zoe-atkin-gbr,Zoe Atkin,GBR,14.2,14178
snowboard-w-halfpipe,Women's Halfpipe,snowboard,gold,3,queralt-castellet-esp,Queralt Castellet,ESP,14.1,14066
freestyle-w-halfpipe,Women's Halfpipe,freestyle,silver,1,eileen-gu-chn,Eileen Gu,CHN,18.3,18320
snowboard-w-halfpipe,Women's Halfpipe,snowboard,silver,1,chloe-kim-usa,Chloe Kim,USA,18.2,18168
freestyle-w-halfpipe,Women's Halfpipe,freestyle,silver,2,rachael-karker-can,Rachael Karker,CAN,15.9,15948
snowboard-w-halfpipe,Women's Halfpipe,snowboard,silver,2,sena-tomita-jpn,Sena Tomita,JPN,16.0,15951
freestyle-w-halfpipe,Women's Halfpipe,freestyle,silver,3,zoe-atkin-gbr,Zoe Atkin,GBR,14.2,14182
snowboard-w-halfpipe,Women's Halfpipe,snowboard,silver,3,queralt-castellet-esp,Queralt Castellet,ESP,14.1,14141
hockey-w,Women's Ice Hockey,hockey,bronze,1,team-germany-ger,Team Germany,GER,13.6,13628
hockey-w,Women's Ice Hockey,hockey,bronze,2,team-japan-jpn,Team Japan,JPN,13.1,13079
hockey-w,Women's Ice Hockey,hockey,bronze,3,team-sweden-swe,Team Sweden,SWE,12.5,12542
hockey-w,Women's Ice Hockey,hockey,gold,1,team-germany-ger,Team Germany,GER,14.0,14024
hockey-w,Women's Ice Hockey,hockey,gold,2,team-japan-jpn,Team Japan,JPN,13.3,13286
hockey-w,Women's Ice Hockey,hockey,gold,3,team-sweden-swe,Team Sweden,SWE,12.8,12811
hockey-w,Women's Ice Hockey,hockey,silver,1,team-germany-ger,Team Germany,GER,13.7,13739
hockey-w,Women's Ice Hockey,hockey,silver,2,team-japan-jpn,Team Japan,JPN,13.2,13248
hockey-w,Women's Ice Hockey,hockey,silver,3,team-sweden-swe,Team Sweden,SWE,12.6,12604
ski-jumping-w-large-hill,Women's Large Hill Individual,ski-jumping,bronze,1,nika-prevc-slo,Nika Prevc,SLO,9.9,9872
ski-jumping-w-large-hill,Women's Large Hill Individual,ski-jumping,bronze,2,nozomi-maruyama-jpn,Nozomi Maruyama,JPN,8.0,7978
ski-jumping-w-large-hill,Women's Large Hill Individual,ski-jumping,bronze,3,lisa-eder-aut,Lisa Eder,AUT,7.0,7049
ski-jumping-w-large-hill,Women's Large Hill Individual,ski-jumping,gold,1,nika-prevc-slo,Nika Prevc,SLO,11.5,11522
ski-jumping-w-large-hill,Women's Large Hill Individual,ski-jumping,gold,2,nozomi-maruyama-jpn,Nozomi Maruyama,JPN,8.7,8702
ski-jumping-w-large-hill,Women's Large Hill Individual,ski-jumping,gold,3,lisa-eder-aut,Lisa Eder,AUT,7.3,7323
ski-jumping-w-large-hill,Women's Large Hill Individual,ski-jumping,silver,1,nika-prevc-slo,Nika Prevc,SLO,10.5,10460
ski-jumping-w-large-hill,Women's Large Hill Individual,ski-jumping,silver,2,nozomi-maruyama-jpn,Nozomi Maruyama,JPN,8.3,8299
ski-jumping-w-large-hill,Women's Large Hill Individual,ski-jumping,silver,3,lisa-eder-aut,Lisa Eder,AUT,7.2,7194
speed-skating-w-mass-start,Women's Mass Start,speed-skating,bronze,1,femke-kok-ned,Femke Kok,NED,9.7,9728
speed-skating-w-mass-start,Women's Mass Start,speed-skating,bronze,2,miho-takagi-jpn,Miho Takagi,JPN,8.6,8574
speed-skating-w-mass-start,Women's Mass Start,speed-skating,bronze,3,yukino-yoshida-jpn,Yukino Yoshida,JPN,7.2,7213
speed-skating-w-mass-start,Women's Mass Start,speed-skating,gold,1,femke-kok-ned,Femke Kok,NED,11.1,11087
speed-skating-w-mass-start,Women's Mass Start,speed-skating,gold,2,miho-takagi-jpn,Miho Takagi,JPN,9.4,9444
speed-skating-w-mass-start,Women's Mass Start,speed-skating,gold,3,yukino-yoshida-jpn,Yukino Yoshida,JPN,7.5,7496
speed-skating-w-mass-start,Women's Mass Start,speed-skating,silver,1,femke-kok-ned,Femke Kok,NED,10.5,10530
speed-skating-w-mass-start,Women's Mass Start,speed-skating,silver,2,miho-takagi-jpn,Miho Takagi,JPN,8.9,8897
speed-skating-w-mass-start,Women's Mass Start,speed-skating,silver,3,yukino-yoshida-jpn,Yukino Yoshida,JPN,7.3,7327
freestyle-w-moguls,Women's Moguls,freestyle,bronze,1,jaelin-kauf-usa,Jaelin Kauf,USA,14.0,13985
freestyle-w-moguls,Women's Moguls,freestyle,bronze,2,perrine-laffont-fra,Perrine Laffont,FRA,12.9,12883
freestyle-w-moguls,Women's Moguls,freestyle,bronze,3,tess-johnson-usa,Tess Johnson,USA,9.3,9262
freestyle-w-moguls,Women's Moguls,freestyle,gold,1,jaelin-kauf-usa,Jaelin Kauf,USA,17.7,17730
freestyle-w-moguls,Women's Moguls,freestyle,gold,2,perrine-laffont-fra,Perrine Laffont,FRA,14.4,14431
freestyle-w-moguls,Women's Moguls,freestyle,gold,3,tess-johnson-usa,Tess Johnson,USA,9.0,9050
freestyle-w-moguls,Women's Moguls,freestyle,silver,1,jaelin-kauf-usa,Jaelin Kauf,USA,15.9,15946
freestyle-w-moguls,Women's Moguls,freestyle,silver,2,perrine-laffont-fra,Perrine Laffont,FRA,13.4,13373
freestyle-w-moguls,Women's Moguls,freestyle,silver,3,tess-johnson-usa,Tess Johnson,USA,9.1,9135
bobsled-w-monobob,Women's Monobob,bobsled,bronze,1,melanie-hasler-sui,Melanie Hasler,SUI,15.6,15588
bobsled-w-monobob,Women's Monobob,bobsled,bronze,2,kim-kalicki-ger,Kim Kalicki,GER,14.5,14469
bobsled-w-monobob,Women's Monobob,bobsled,bronze,3,christine-de-bruin-can,Christine de Bruin,CAN,13.6,13609
bobsled-w-monobob,Women's Monobob,bobsled,gold,1,melanie-hasler-sui,Melanie Hasler,SUI,17.7,17703
bobsled-w-monobob,Women's Monobob,bobsled,gold,2,kim-kalicki-ger,Kim Kalicki,GER,15.5,15538
bobsled-w-monobob,Women's Monobob,bobsled,gold,3,christine-de-bruin-can,Christine de Bruin,CAN,14.0,14012
bobsled-w-monobob,Women's Monobob,bobsled,silver,1,melanie-hasler-sui,Melanie Hasler,SUI,16.5,16526
bobsled-w-monobob,Women's Monobob,bobsled,silver,2,kim-kalicki-ger,Kim Kalicki,GER,15.1,15062
bobsled-w-monobob,Women's Monobob,bobsled,silver,3,christine-de-bruin-can,Christine de Bruin,CAN,13.8,13839
ski-jumping-w-normal-hill,Women's Normal Hill Individual,ski-jumping,bronze,1,nika-prevc-slo,Nika Prevc,SLO,9.7,9736
ski-jumping-w-normal-hill,Women's Normal Hill Individual,ski-jumping,bronze,2,nozomi-maruyama-jpn,Nozomi Maruyama,JPN,8.0,7999
ski-jumping-w-normal-hill,Women's Normal Hill Individual,ski-jumping,bronze,3,lisa-eder-aut,Lisa Eder,AUT,7.1,7101
ski-jumping-w-normal-hill,Women's Normal Hill Individual,ski-jumping,gold,1,nika-prevc-slo,Nika Prevc,SLO,11.5,11478
ski-jumping-w-normal-hill,Women's Normal Hill Individual,ski-jumping,gold,2,nozomi-maruyama-jpn,Nozomi Maruyama,JPN,8.8,8757
ski-jumping-w-normal-hill,Women's Normal Hill Individual,ski-jumping,gold,3,lisa-eder-aut,Lisa Eder,AUT,7.4,7430
ski-jumping-w-normal-hill,Women's Normal Hill Individual,ski-jumping,silver,1,nika-prevc-slo,Nika Prevc,SLO,10.6,10563
ski-jumping-w-normal-hill,Women's Normal Hill Individual,ski-jumping,silver,2,nozomi-maruyama-jpn,Nozomi Maruyama,JPN,8.3,8304
ski-jumping-w-normal-hill,Women's Normal Hill Individual,ski-jumping,silver,3,lisa-eder-aut,Lisa Eder,AUT,7.4,7373
snowboard-w-pgs,Women's Parallel Giant Slalom,snowboard,bronze,1,ramona-theresia-hofmeister-ger,Ramona Theresia Hofmeister,GER,15.4,15412
snowboard-w-pgs,Women's Parallel Giant Slalom,snowboard,bronze,2,ester-ledecka-cze,Ester Ledecka,CZE,14.9,14943
snowboard-w-pgs,Women's Parallel Giant Slalom,snowboard,bronze,3,daniela-ulbing-aut,Daniela Ulbing,AUT,14.1,14129
snowboard-w-pgs,Women's Parallel Giant Slalom,snowboard,gold,1,ramona-theresia-hofmeister-ger,Ramona Theresia Hofmeister,GER,17.7,17666
snowboard-w-pgs,Women's Parallel Giant Slalom,snowboard,gold,2,ester-ledecka-cze,Ester Ledecka,CZE,16.3,16271
snowboard-w-pgs,Women's Parallel Giant Slalom,snowboard,gold,3,daniela-ulbing-aut,Daniela Ulbing,AUT,14.8,14811
snowboard-w-pgs,Women's Parallel Giant Slalom,snowboard,silver,1,ramona-theresia-hofmeister-ger,Ramona Theresia Hofmeister,GER,16.7,16720
snowboard-w-pgs,Women's Parallel Giant Slalom,snowboard,silver,2,ester-ledecka-cze,Ester Ledecka,CZE,15.6,15645
snowboard-w-pgs,Women's Parallel Giant Slalom,snowboard,silver,3,daniela-ulbing-aut,Daniela Ulbing,AUT,14.5,14454
figure-skating-w,Women's Singles,figure-skating,bronze,1,kaori-sakamoto-jpn,Kaori Sakamoto,JPN,11.6,11593
figure-skating-w,Women's Singles,figure-skating,bronze,2,isabeau-levito-usa,Isabeau Levito,USA,10.9,10912
figure-skating-w,Women's Singles,figure-skating,bronze,3,loena-hendrickx-bel,Loena Hendrickx,BEL,10.7,10688
figure-skating-w,Women's Singles,figure-skating,gold,1,kaori-sakamoto-jpn,Kaori Sakamoto,JPN,12.3,12262
figure-skating-w,Women's Singles,figure-skating,gold,2,isabeau-levito-usa,Isabeau Levito,USA,11.4,11444
figure-skating-w,Women's Singles,figure-skating,gold,3,loena-hendrickx-bel,Loena Hendrickx,BEL,11.0,10992
figure-skating-w,Women's Singles,figure-skating,silver,1,kaori-sakamoto-jpn,Kaori Sakamoto,JPN,11.8,11821
figure-skating-w,Women's Singles,figure-skating,silver,2,isabeau-levito-usa,Isabeau Levito,USA,11.1,11119
figure-skating-w,Women's Singles,figure-skating,silver,3,loena-hendrickx-bel,Loena Hendrickx,BEL,10.9,10852
luge-w-singles,Women's Singles Luge,luge,bronze,1,eliza-tiruma-lat,Eliza Tiruma,LAT,15.1,15067
luge-w-singles,Women's Singles Luge,luge,bronze,2,emily-sweeney-usa,Emily Sweeney,USA,14.4,14398
luge-w-singles,Women's Singles Luge,luge,bronze,3,summer-britcher-usa,Summer Britcher,USA,13.2,13237
luge-w-singles,Women's Singles Luge,luge,gold,1,eliza-tiruma-lat,Eliza Tiruma,LAT,18.1,18104
luge-w-singles,Women's Singles Luge,luge,gold,2,emily-sweeney-usa,Emily Sweeney,USA,15.9,15899
luge-w-singles,Women's Singles Luge,luge,gold,3,summer-britcher-usa,Summer Britcher,USA,13.6,13562
luge-w-singles,Women's Singles Luge,luge,silver,1,eliza-tiruma-lat,Eliza Tiruma,LAT,16.7,16691
luge-w-singles,Women's Singles Luge,luge,silver,2,emily-sweeney-usa,Emily Sweeney,USA,15.4,15373
luge-w-singles,Women's Singles Luge,luge,silver,3,summer-britcher-usa,Summer Britcher,USA,13.2,13167
skeleton-w,Women's Skeleton,skeleton,bronze,1,katie-uhlaender-usa,Katie Uhlaender,USA,16.2,16184
skeleton-w,Women's Skeleton,skeleton,bronze,2,amelia-coltman-gbr,Amelia Coltman,GBR,15.2,15184
skeleton-w,Women's Skeleton,skeleton,bronze,3,hannah-neise-ger,Hannah Neise,GER,13.7,13706
skeleton-w,Women's Skeleton,skeleton,gold,1,katie-uhlaender-usa,Katie Uhlaender,USA,19.6,19640
skeleton-w,Women's Skeleton,skeleton,gold,2,amelia-coltman-gbr,Amelia Coltman,GBR,16.3,16251
skeleton-w,Women's Skeleton,skeleton,gold,3,hannah-neise-ger,Hannah Neise,GER,14.1,14079
skeleton-w,Women's Skeleton,skeleton,silver,1,katie-uhlaender-usa,Katie Uhlaender,USA,17.9,17940
skeleton-w,Women's Skeleton,skeleton,silver,2,amelia-coltman-gbr,Amelia Coltman,GBR,15.7,15736
skeleton-w,Women's Skeleton,skeleton,silver,3,hannah-neise-ger,Hannah Neise,GER,14.0,14014
freestyle-w-ski-cross,Women's Ski Cross,freestyle,bronze,1,marielle-thompson-can,Marielle Thompson,CAN,11.7,11682
freestyle-w-ski-cross,Women's Ski Cross,freestyle,bronze,2,sandra-naeslund-swe,Sandra Naeslund,SWE,11.1,11141
freestyle-w-ski-cross,Women's Ski Cross,freestyle,bronze,3,fanny-smith-sui,Fanny Smith,SUI,10.7,10746
freestyle-w-ski-cross,Women's Ski Cross,freestyle,gold,1,marielle-thompson-can,Marielle Thompson,CAN,12.8,12781
freestyle-w-ski-cross,Women's Ski Cross,freestyle,gold,2,sandra-naeslund-swe,Sandra Naeslund,SWE,11.9,11861
freestyle-w-ski-cross,Women's Ski Cross,freestyle,gold,3,fanny-smith-sui,Fanny Smith,SUI,11.4,11365
freestyle-w-ski-cross,Women's Ski Cross,freestyle,silver,1,marielle-thompson-can,Marielle Thompson,CAN,12.4,12381
freestyle-w-ski-cross,Women's Ski Cross,freestyle,silver,2,sandra-naeslund-swe,Sandra Naeslund,SWE,11.7,11683
freestyle-w-ski-cross,Women's Ski Cross,freestyle,silver,3,fanny-smith-sui,Fanny Smith,SUI,10.9,10947
cross-country-w-skiathlon,Women's Skiathlon,cross-country,bronze,1,jessie-diggins-usa,Jessie Diggins,USA,6.5,6548
cross-country-w-skiathlon,Women's Skiathlon,cross-country,bronze,2,victoria-carl-ger,Victoria Carl,GER,5.6,5563
cross-country-w-skiathlon,Women's Skiathlon,cross-country,bronze,3,kerttu-niskanen-fin,Kerttu Niskanen,FIN,5.2,5187
cross-country-w-skiathlon,Women's Skiathlon,cross-country,gold,1,jessie-diggins-usa,Jessie Diggins,USA,7.0,6960
cross-country-w-skiathlon,Women's Skiathlon,cross-country,gold,2,victoria-carl-ger,Victoria Carl,GER,5.8,5785
cross-country-w-skiathlon,Women's Skiathlon,cross-country,gold,3,kerttu-niskanen-fin,Kerttu Niskanen,FIN,5.4,5369
cross-country-w-skiathlon,Women's Skiathlon,cross-country,silver,1,jessie-diggins-usa,Jessie Diggins,USA,6.7,6730
cross-country-w-skiathlon,Women's Skiathlon,cross-country,silver,2,victoria-carl-ger,Victoria Carl,GER,5.6,5591
cross-country-w-skiathlon,Women's Skiathlon,cross-country,silver,3,kerttu-niskanen-fin,Kerttu Niskanen,FIN,5.3,5274
alpine-w-slalom,Women's Slalom,alpine,bronze,1,mikaela-shiffrin-usa,Mikaela Shiffrin,USA,8.5,8542
alpine-w-slalom,Women's Slalom,alpine,bronze,2,camille-rast-sui,Camille Rast,SUI,7.8,7829
alpine-w-slalom,Women's Slalom,alpine,bronze,3,paula-moltzan-usa,Paula Moltzan,USA,5.7,5746
alpine-w-slalom,Women's Slalom,alpine,gold,1,mikaela-shiffrin-usa,Mikaela Shiffrin,USA,9.8,9850
alpine-w-slalom,Women's Slalom,alpine,gold,2,camille-rast-sui,Camille Rast,SUI,8.2,8226
alpine-w-slalom,Women's Slalom,alpine,gold,3,paula-moltzan-usa,Paula Moltzan,USA,5.9,5914
alpine-w-slalom,Women's Slalom,alpine,silver,1,mikaela-shiffrin-usa,Mikaela Shiffrin,USA,9.2,9169
alpine-w-slalom,Women's Slalom,alpine,silver,2,camille-rast-sui,Camille Rast,SUI,8.0,8047
alpine-w-slalom,Women's Slalom,alpine,silver,3,emma-aicher-ger,Emma Aicher,GER,5.7,5735
freestyle-w-slopestyle,Women's Slopestyle,freestyle,bronze,1,eileen-gu-chn,Eileen Gu,CHN,14.1,14056
snowboard-w-slopestyle,Women's Slopestyle,snowboard,bronze,1,zoi-sadowski-synnott-nzl,Zoi Sadowski-Synnott,NZL,14.9,14904
freestyle-w-slopestyle,Women's Slopestyle,freestyle,bronze,2,kelly-sildaru-est,Kelly Sildaru,EST,13.6,13574
snowboard-w-slopestyle,Women's Slopestyle,snowboard,bronze,2,anna-gasser-aut,Anna Gasser,AUT,14.3,14287
freestyle-w-slopestyle,Women's Slopestyle,freestyle,bronze,3,megan-oldham-can,Megan Oldham,CAN,12.9,12909
snowboard-w-slopestyle,Women's Slopestyle,snowboard,bronze,3,kokomo-murase-jpn,Kokomo Murase,JPN,13.9,13872
freestyle-w-slopestyle,Women's Slopestyle,freestyle,gold,1,eileen-gu-chn,Eileen Gu,CHN,15.6,15614
snowboard-w-slopestyle,Women's Slopestyle,snowboard,gold,1,zoi-sadowski-synnott-nzl,Zoi Sadowski-Synnott,NZL,16.7,16691
freestyle-w-slopestyle,Women's Slopestyle,freestyle,gold,2,kelly-sildaru-est,Kelly Sildaru,EST,14.2,14211
snowboard-w-slopestyle,Women's Slopestyle,snowboard,gold,2,anna-gasser-aut,Anna Gasser,AUT,15.4,15426
freestyle-w-slopestyle,Women's Slopestyle,freestyle,gold,3,megan-oldham-can,Megan Oldham,CAN,13.2,13218
snowboard-w-slopestyle,Women's Slopestyle,snowboard,gold,3,kokomo-murase-jpn,Kokomo Murase,JPN,14.3,14276
freestyle-w-slopestyle,Women's Slopestyle,freestyle,silver,1,eileen-gu-chn,Eileen Gu,CHN,14.8,14771
snowboard-w-slopestyle,Women's Slopestyle,snowboard,silver,1,zoi-sadowski-synnott-nzl,Zoi Sadowski-Synnott,NZL,15.9,15906
freestyle-w-slopestyle,Women's Slopestyle,freestyle,silver,2,kelly-sildaru-est,Kelly Sildaru,EST,14.0,13985
snowboard-w-slopestyle,Women's Slopestyle,snowboard,silver,2,anna-gasser-aut,Anna Gasser,AUT,15.0,15043
freestyle-w-slopestyle,Women's Slopestyle,freestyle,silver,3,megan-oldham-can,Megan Oldham,CAN,13.1,13093
snowboard-w-slopestyle,Women's Slopestyle,snowboard,silver,3,kokomo-murase-jpn,Kokomo Murase,JPN,14.0,14009
snowboard-w-cross,Women's Snowboard Cross,snowboard,bronze,1,lindsey-jacobellis-usa,Lindsey Jacobellis,USA,14.8,14814
snowboard-w-cross,Women's Snowboard Cross,snowboard,bronze,2,charlotte-bankes-gbr,Charlotte Bankes,GBR,14.3,14310
snowboard-w-cross,Women's Snowboard Cross,snowboard,bronze,3,belle-brockhoff-aus,Belle Brockhoff,AUS,13.9,13915
snowboard-w-cross,Women's Snowboard Cross,snowboard,gold,1,lindsey-jacobellis-usa,Lindsey Jacobellis,USA,16.6,16636
snowboard-w-cross,Women's Snowboard Cross,snowboard,gold,2,charlotte-bankes-gbr,Charlotte Bankes,GBR,15.5,15532
snowboard-w-cross,Women's Snowboard Cross,snowboard,gold,3,belle-brockhoff-aus,Belle Brockhoff,AUS,14.1,14103
snowboard-w-cross,Women's Snowboard Cross,snowboard,silver,1,lindsey-jacobellis-usa,Lindsey Jacobellis,USA,15.7,15689
snowboard-w-cross,Women's Snowboard Cross,snowboard,silver,2,charlotte-bankes-gbr,Charlotte Bankes,GBR,15.1,15096
snowboard-w-cross,Women's Snowboard Cross,snowboard,silver,3,belle-brockhoff-aus,Belle Brockhoff,AUS,14.0,13989
cross-country-w-sprint,Women's Sprint,cross-country,bronze,1,jessie-diggins-usa,Jessie Diggins,USA,6.7,6690
cross-country-w-sprint,Women's Sprint,cross-country,bronze,2,victoria-carl-ger,Victoria Carl,GER,5.5,5468
cross-country-w-sprint,Women's Sprint,cross-country,bronze,3,kerttu-niskanen-fin,Kerttu Niskanen,FIN,5.2,5190
cross-country-w-sprint,Women's Sprint,cross-country,gold,1,jessie-diggins-usa,Jessie Diggins,USA,6.9,6927
cross-country-w-sprint,Women's Sprint,cross-country,gold,2,victoria-carl-ger,Victoria Carl,GER,5.8,5752
cross-country-w-sprint,Women's Sprint,cross-country,gold,3,kerttu-niskanen-fin,Kerttu Niskanen,FIN,5.4,5443
cross-country-w-sprint,Women's Sprint,cross-country,silver,1,jessie-diggins-usa,Jessie Diggins,USA,6.7,6673
cross-country-w-sprint,Women's Sprint,cross-country,silver,2,victoria-carl-ger,Victoria Carl,GER,5.7,5741
cross-country-w-sprint,Women's Sprint,cross-country,silver,3,kerttu-niskanen-fin,Kerttu Niskanen,FIN,5.3,5347
alpine-w-super-g,Women's Super-G,alpine,bronze,1,mikaela-shiffrin-usa,Mikaela Shiffrin,USA,8.7,8672
alpine-w-super-g,Women's Super-G,alpine,bronze,2,camille-rast-sui,Camille Rast,SUI,7.6,7552
alpine-w-super-g,Women's Super-G,alpine,bronze,3,emma-aicher-ger,Emma Aicher,GER,5.7,5693
alpine-w-super-g,Women's Super-G,alpine,gold,1,mikaela-shiffrin-usa,Mikaela Shiffrin,USA,9.7,9668
alpine-w-super-g,Women's Super-G,alpine,gold,2,camille-rast-sui,Camille Rast,SUI,8.3,8327
alpine-w-super-g,Women's Super-G,alpine,gold,3,emma-aicher-ger,Emma Aicher,GER,5.9,5874
alpine-w-super-g,Women's Super-G,alpine,silver,1,mikaela-shiffrin-usa,Mikaela Shiffrin,USA,9.1,9114
alpine-w-super-g,Women's Super-G,alpine,silver,2,camille-rast-sui,Camille Rast,SUI,8.0,7994
alpine-w-super-g,Women's Super-G,alpine,silver,3,emma-aicher-ger,Emma Aicher,GER,5.9,5858
